block_number,tx_hash,log_index,conditionId,oracle,questionId,outcomeSlotCount,payoutNumerators
74990008,0x5682d77e96116fc98d00a0b446e4863262450e51bcd4675a15aab1217780e717,34,0xab2dbffb826d187f977be675d954a12138c2a4153f47b485a8ebc30c12dc0dca,0x157ce2d672854c848c9b79c49a8cc6cc89176a49,0xfec67d4889a48a9dfa16a7b49629f52fc0675fff7f4fe246512f3ab710a2371a,2,"[0, 1]"
74990408,0xa8d45add1bb2f207330ff84d024baecf097e39d0948b63c351052dbe22b8e9d3,520,0x1a266a78db5dd12ce43f2bd52b912216268e12853298b8675f0d87641d70e6df,0x58e1745bedda7312c4cddb72618923da1b90efde,0x7fdc8ea3f218d4d2d7f57861efdeddde8419c832da2991263d9c08b321204ee3,2,"[0, 1]"
74990409,0x671982873b833aec166c24a93237de6e82997c358ee3827b72825b4de66615dd,1435,0x485ae109aa8fc7d991bfb7060d434cd136c9eb47aa5a313d73d979f6eae79a7d,0x58e1745bedda7312c4cddb72618923da1b90efde,0x0139131b5fc057b35648d305e66108fb450a137a8298a4e50669f58cee9d8eb2,2,"[0, 1]"
74990426,0xec83872c94b0425d42ec82e23d637e98e73f45e0906e947a01c267f9d363a221,4,0x8ea9c9bec55217b204d4bd8ccea4664b04d883793c669b2c5a3594c638b9b4c9,0x6a9d222616c90fca5754cd1333cfd9b7fb6a4f74,0xcb877250c42f4c2d2fb1cf063d2fe35a402413134b5a7d71e6c8e36419891c66,2,"[1, 0]"
74990831,0xb10bf2eda2ba5dad187499942a9a7041d0bc25dde7375c23118a8d73696d9a35,980,0xe15b0b1ff41dd1c500af2e4256b90c1c1412787db255807a23c65a9d08042eba,0x58e1745bedda7312c4cddb72618923da1b90efde,0x7033b8416412bc935e6113b0e3347fcf5881bacf11e7232478005efba8d3a611,2,"[0, 1]"
74990837,0x8450132a444e6da07d0bd83ffd4eb3eca9a7e1216cc4dc6e75a5768149968b4d,543,0x303c17ca124faff4406c2b657a3050241a5b0e7a11f48f3c16688dfca4329fb4,0x58e1745bedda7312c4cddb72618923da1b90efde,0x6fdc4f340f4a7916537c0813023edc4f456851862c196c27874eb81b3b1abb1b,2,"[0, 1]"
74990841,0x7f9774f9e520086ef5d4437564358d3e4d7a5ce4555d7472b9bf7ee0da88c0ff,7,0x080eea7aec02fe48e6d0c3c07b28601c9cb7da65aba2e67df9d240b0c766161d,0x157ce2d672854c848c9b79c49a8cc6cc89176a49,0x907451b7aff6be3d61689265614fbc5deea250913ab6390d01797e52fc419086,2,"[0, 1]"
74990841,0x8c4d09bf389399750a9906c6623fc305681c6b20178c7ab76067b18344bc5413,12,0x183cd95c40c5d41c7daa96ae977280a2256635a4ff44bd76b8eabf033c95e29c,0x157ce2d672854c848c9b79c49a8cc6cc89176a49,0xee83379d15db85aca79cfbc1e9e4d7933e97af7f5eb3d57a3e3edde4f4b1c63f,2,"[0, 1]"
74990867,0x178902cd36f29593219d9eaecb146e382ce0feab4126e3a49b51db97167599b6,33,0xb40e3f64de5f197f0cbf99ec099fefc4264160f338ba1816d335584b9ca48224,0x157ce2d672854c848c9b79c49a8cc6cc89176a49,0x191aea36a8166c8ebc398d4e311d47b0ba564ca605b85faab7da3432871e173e,2,"[0, 1]"
74990868,0x9415f1347c01c6efdf86b8445b960edbd3eb58d73fb468b1bf3e2f7b99e9fe15,5,0xbad788e4b8edfe9be7e7d5a02225b657bd60bb9dac8c4b66da3a131024c2eb46,0x157ce2d672854c848c9b79c49a8cc6cc89176a49,0xd1ef418440f6e318063ee7ffba2d137feba209806c409761dae7275e9d2ba925,2,"[0, 1]"
74991254,0xe085431b0f999d47c58d7aa2b4069a58f848730fe4010d57eb0ca938a476d5be,553,0x6e1f9aaed35b00237cbb504941c25df4330e89f8792344477dad231536c3af95,0x58e1745bedda7312c4cddb72618923da1b90efde,0xe3fe062bed57489c698cc55500ca5d7fbee76ea80f7c2884d134d47f2287aaad,2,"[1, 0]"
74991255,0xb4518e3731f58be8616b1adf5e6d43cf5edb167587890d8462150f96c7002060,397,0x6caa24ef0f825d53fc29394adfd915d0b6a6be7f694e730c6c9a64a040afd331,0x58e1745bedda7312c4cddb72618923da1b90efde,0xa98136636a429fc6507302c089020f9f2caeae4d543028bedbcc297c3d943e76,2,"[1, 0]"
74991676,0xd1982129995a721e1d5beb35492f357f7c3ae37a2c277fabc36c13f14a4f5163,512,0x51bbed0347661d079f9de8dbd096b1bdbe15be8b420c67c522ca6ff6a8e09641,0x58e1745bedda7312c4cddb72618923da1b90efde,0x19b33bfa4ad262b7961b532746e1062e443a21dc3e516d268444c15a520c0a6a,2,"[1, 0]"
74991680,0x538c52ef18ab99ad013cfba7752a6268a630cc80f4fb85b4cfede4721489c28a,1160,0x9b5a8e0815ff08b0d6c0dcba24f4ca3f03ce8b2266b624437279f05588fc0ce8,0x58e1745bedda7312c4cddb72618923da1b90efde,0xbe6619d48f623a3b2be20d907750b7427051754e5167d436addf3fd46358cb77,2,"[0, 1]"
74992116,0x6079fb5207114431c61460e5a62ff48ecac57ada7584b394e0abf96870ccca7c,772,0xfd77498cd4284748efd01f6e54c735d4fda1bb6ec902c2372be59e5962cd989c,0x58e1745bedda7312c4cddb72618923da1b90efde,0x0d8b9a7234cf6efdbdf7c3534068e35e224cd791ad9fd7f3f1abab9d2280334a,2,"[0, 1]"
74992116,0xb9252ab397c52a12e4b473525574b5a3113c572a8ab0a4a747e1eb51bc8d3ddd,775,0x1b7bcfdff7d837d50a1f4735866f61a2c80d374e462e7505e18ea559dca2d72e,0x58e1745bedda7312c4cddb72618923da1b90efde,0x5dda81a4a7603c64125c867275ca58b75764260b5d586cdac2174038b16e47b6,2,"[0, 1]"
74992525,0x50114f608cebed6f97fb523b26db3e5230bfd28fd34bd17a3896809d6933c605,782,0x2f2ed915b4fa99101c4a6d5d4bfa9d561a1603fdb009725ff0abcdeac77e5857,0x58e1745bedda7312c4cddb72618923da1b90efde,0x62fd7ac76f148e939fd0195b781b7b723fd5571fb1158af950e46eb9ef5de4c7,2,"[1, 0]"
74992526,0x18a153fd4a94befa34b8402535c677302133e46130b713fd71bb977b17ec922b,696,0x68577fdbe7df5b90aca70badcc64631aafcbc8c05c01e9b8988f144f2e3f86d5,0x58e1745bedda7312c4cddb72618923da1b90efde,0x64ac76a54353151bee435f2afb3396db0f5f33ec3090ea3538dd3833d416131c,2,"[1, 0]"
74992531,0x7bd87726cef0aba586bb01618a601d5b38e59ff3856c88daa1976ad7d56ccbb7,2,0xf668b1c8e01f8cc93fa0e7c5ba2e4b1d5e2b30749e5796a3a8b308412a54e3de,0x157ce2d672854c848c9b79c49a8cc6cc89176a49,0xb4deb779465c788ae9d08e5f1fdaf48a25b5db9dce3d70feae556836ea47fe38,2,"[0, 1]"
74992532,0x1e20d2d224dbdbdcbad90755d1d13b66d51fc33d34ad5f95f2bc8b3315e29e60,6,0x6f0b4d1460bc5c4c4cc0a963275df2a9974bda8fe650f784ce74c4a42070c64e,0x157ce2d672854c848c9b79c49a8cc6cc89176a49,0x5b063725da55349158897a2f8605369349e586180118573cdb543b3cd8deee88,2,"[0, 1]"
74992560,0x73972c0eaff93268f6e1b9534e209bb1eb2282906752fc8cd4e8e3a21fc36d8c,34,0x54eea1eca602d7e38833156b0487419567ae205910a0371708f414f846c5984e,0x157ce2d672854c848c9b79c49a8cc6cc89176a49,0xb214cd8a0e7ebba63e21d85a119864888c9bf7c44433d4bbc38416bfe5ad7532,2,"[0, 1]"
74992561,0x30cb945869a389fdfad26714c559286f3a6794f02b2fd749e39a7bca3ae308d6,2,0xea7fd8b8f32e60b576cf0523c98030008b27b889dc6696e665e39a4a8f1a2f52,0x157ce2d672854c848c9b79c49a8cc6cc89176a49,0x38fdbf8295aa2d86fa4825631d7bf80892b2efe36ffe3290cbaf07c77023adb0,2,"[0, 1]"
74992726,0x02d887019fc7f9bdfc6107def16047b4a766bb8c1caf461a15b99f5ebf2ab01e,7,0xec90e8481cf64b3ca1bf6c93b3f6dc8635b7e5fb192a073d8757fe97f0e9c789,0x157ce2d672854c848c9b79c49a8cc6cc89176a49,0xb86357ebfc71ee0322e4569a63981da69bbd6d3833f21a1ae3196e5f7f01003b,2,"[0, 1]"
74992949,0xafad0b23a1a8c93373a8efba36d28e97918c591715ecf382feff311104fdfa61,770,0x5ca7c8c2fb6462c15a59e19d87a5efd9dc317ef4ce331665bda8f7dd810c0ed6,0x58e1745bedda7312c4cddb72618923da1b90efde,0x5d2a65f599b5a8bb5b1bf13c565dc764820c533660b8bbe9477f26680c900c01,2,"[0, 1]"
74992949,0x1794ffe7a8d4bf83d9d89ceff47771cacebecf593b7e97b9d5850f088e854018,777,0xde33eaf2ea99cfc4a472fc8e7a6e316559fcb64defdfab14d9144948014a2456,0x58e1745bedda7312c4cddb72618923da1b90efde,0xd24ef4ea19a772c419324b39bdff735c1c0fb50ca0fa37153db7a90f6f6c10e4,2,"[0, 1]"
74993366,0x5e6cc73044362b2fe3fd1cd3d77ed4b57bf24c894a1c7deb7ae19506748b1a1c,485,0x00e20bd78b60f69a959ff66fe780b77d162927724f2e2f6ebebeccb981621293,0x1754f0f64de768f3c7c5f9335ff1129db2c14a40,0x066cd6938b1adfab281acc86c47d823c125feceb80b6db0cb3730092f13d79af,2,"[1, 0]"
74993373,0x436ebc3b4f33273a6599416b076567dd212885b45b233c2440aa2e927c10f29b,755,0x687146d2bf6c29ad84b1acb4e83b16cab18ea89446227aa590e2cf6ec677c1cf,0x58e1745bedda7312c4cddb72618923da1b90efde,0x94a8e16c33e05da920a558eed65b494284e2a8f9b992862446e8c90677f6410b,2,"[1, 0]"
74993374,0xa6552735bdcf9ebc5ed2ada1c407b80477a282df4df790cf42f8b6f4ec124ba6,1105,0x9d7987351484919ee5fe616090baabbb7543b633ef8e41e62fc821cbccb1e9f1,0x58e1745bedda7312c4cddb72618923da1b90efde,0xc676224764254d860dd47ec6661e1f127483e3eb8174f7c788feb1f34a11311a,2,"[1, 0]"
74993486,0xd1a261e9473a3f26330ce9304d40641307ccc2af030a209f1511247b9c1f8855,37,0x647f8603df550591ebb09219d81e20ae50d65ecfdd1636c37889d1d89525b531,0x157ce2d672854c848c9b79c49a8cc6cc89176a49,0x376c714440b7d7da891a635accc881a420e1ade1df743dcff2c349e7268936c9,2,"[1, 0]"
74993541,0xecf40866d0c979f92449fb3541094bc60b8a87027aa282b782f17ebb2f273f68,33,0xc51d48b32a405793f0e7807edcc3027b69d3a34c116466ff081ad5402fb34f72,0x157ce2d672854c848c9b79c49a8cc6cc89176a49,0x1b59f469fd78147bedab9bf87dced25969394d9ebab9ee154e974692b4588184,2,"[1, 0]"
74993797,0x80b588ecb100b14633816fce68490875bc64170ea0943594d3942d0e46988807,427,0x32826cbbc7be377814d87e8531bb3d7a9c6778937aca98759490512a50f3dfc2,0x58e1745bedda7312c4cddb72618923da1b90efde,0x078a313485af8262409ed8bd41968d436bfc4740dcf92e6b47d06772decbe57d,2,"[0, 1]"
74993797,0xf3f04471a5ab8c0cedadc0365c602a2d1b3f352178900e176fdd6510a0c9535b,430,0x2b0d60a604c8c83d4fcb5ad0ad1869d9c764746c1171b349f61f22fa60da5200,0x58e1745bedda7312c4cddb72618923da1b90efde,0x740bc480e16aeea3ffa12de370a6f57c3de17051c019d9cb47d456b37e25e713,2,"[0, 1]"
74993950,0xe938a9316814c978c63b5cabf40dbcca455591e35fe2970cdafc3333422af5f4,523,0x9101b7b2ad1dceabc9eeb8f4b152f6a796d5706404856f757196dfe56a0237d7,0x157ce2d672854c848c9b79c49a8cc6cc89176a49,0x30f8bbc9209b79c48a0b351713ab9b03f64620efc0d734c35c2d341ff746dfc1,2,"[1, 0]"
74994218,0x3849949d31ea6e2557b4638edf1196397ac4728ba497683a64d49a0424c07f22,766,0x0dfc4176806b56787ffc4dc4d5f16e903de6a24b0ecf22222e71049ae60f1482,0x58e1745bedda7312c4cddb72618923da1b90efde,0x7c09d01ff5e91f6c2f5a0c7d86377b5ea649d0111ad709ccdd5e5f05e5641a94,2,"[0, 1]"
74994219,0x3ac4296e16f073238f69b73c6a3f45c6682182c5d897afa17e0d9ffc1bca765b,27,0x38c7c119ad395bf3d0a4fe64eea08f0d5b06897af583e7be53e84cbb9166945f,0x157ce2d672854c848c9b79c49a8cc6cc89176a49,0x51494f21fbbc388763de2fe823d48cc29ded2a29e3e63804d89dcc2607e12040,2,"[1, 0]"
74994224,0x0496d016ed52632ffceff63c383141b930d9b8c30c4a54109ad651df23e9f5a8,1119,0x439b36e9e7d1f3d7de45b052dc76ca54167b592a2039f993762125f77bd28037,0x58e1745bedda7312c4cddb72618923da1b90efde,0x96d2564b343e0f7b7903bca40d7652e67560dd4f999414b0caaeed98b934f461,2,"[0, 1]"
74994249,0x00074acf2fcf9eb11ec20ab5958e30ae00f00babc3381fa120e3051d3554d21c,6,0xeb03251626f9116f2643a8a2134f44715b57e20d2806fec3654ca03e50ed8ae1,0x157ce2d672854c848c9b79c49a8cc6cc89176a49,0xe99994b3239a9e7e19fe3a2e52b56c5d63ba13c33c07da6b28e56a5e7017efdc,2,"[1, 0]"
74994249,0x96242988952d75c173ff3c38021882eca88d62963e24a02686977eee33a12237,9,0x0ba95d5390802bbde33cddf296f34095ee78d94953955d2abf175604b8416b41,0x157ce2d672854c848c9b79c49a8cc6cc89176a49,0xfdb470cf0dcd9d76efeef43b4340da69cb386c65a6e2d56f2625bdc30586073c,2,"[1, 0]"
74994250,0xd75b96f89c7245cb8f85567bb679224f1bbd6c32f07cd17c0e1f92cecd77ccaf,0,0x90a1e60740a7a3c6a4080c912e2125942550bf879ba9f391734f72f66984e933,0x157ce2d672854c848c9b79c49a8cc6cc89176a49,0xf4dae7c3162866e34dbd2fe96600c82ff7c14676fd00ea511d82bc12d04976a3,2,"[1, 0]"
74994305,0x4aa67093be838af2cf43ebe8d48f4689efa6ac60e0d09b74b1851b394d3bbaf6,43,0xb562597294c459b5f0ee8df7d60758ce73da6bc183809627ecb03d80351074c0,0x157ce2d672854c848c9b79c49a8cc6cc89176a49,0xe09e85018ae36e5bfdb7725b0053809c6e03b245affcb9f2d9895707efed73d3,2,"[0, 1]"
74994551,0xbf9e7f7a61f6a59ccc4ab79a7fb64e618d9824915784176d8dbfeae80c4919c5,2,0x829f472e1088dc2c03b438152f6c4960e6cabcf2f368ae3537bc5bd3c910c584,0xd91e80cf2e7be2e162c6513ced06f1dd0da35296,0x1d106c2277742813cf8aecd912592094ffc6e7d6a29822ead992a5f2a314db05,2,"[0, 1]"
74994551,0xfc77755775dbcbdefc1ddc17cb59c357d0077c46d125dcfb9f39f6ff1c64a11b,6,0x448c358927e1010415b570d2f28fa15c2d5cda9b78b605a16c21fa116bebac5f,0xd91e80cf2e7be2e162c6513ced06f1dd0da35296,0x1d106c2277742813cf8aecd912592094ffc6e7d6a29822ead992a5f2a314db04,2,"[0, 1]"
74994552,0x1559478f2b75491de493db180ad573d3c0a0f7818b7cecd732fa656df118f9fd,8,0x5fb5774034a2c8a2d25a62e3ed2ffb0e6737a09ca2d49c8d0cbf8e362cecf095,0xd91e80cf2e7be2e162c6513ced06f1dd0da35296,0x1d106c2277742813cf8aecd912592094ffc6e7d6a29822ead992a5f2a314db03,2,"[0, 1]"
74994580,0x96cd82634e4b1b98f816d6f552d53bef51b04e6b3dcb9da004a980a688083c91,2,0xbe606f496f440830e72f2510cebbe4846a537a268328467ec9964c25832fca9f,0xd91e80cf2e7be2e162c6513ced06f1dd0da35296,0x1d106c2277742813cf8aecd912592094ffc6e7d6a29822ead992a5f2a314db02,2,"[0, 1]"
74994580,0x4175d2d50c16a25abcd1c6b903bd96dfae6c5bdfabc5ed48af8bb1826e2f6918,6,0x85ed517c85d593e57518f7c63b872ca12d6c68ad6d57c451325603b85a8b9ae0,0xd91e80cf2e7be2e162c6513ced06f1dd0da35296,0x1d106c2277742813cf8aecd912592094ffc6e7d6a29822ead992a5f2a314db01,2,"[1, 0]"
74994581,0x9f0678a31c9ac8eaa8cf95a79f453d43467a72dd32d101c5367c07f570cac8e3,0,0x512f9105fea517dfb145360cbfd8f8e4ee7199bc5d85d43eb57ff11be8a6fc2d,0xd91e80cf2e7be2e162c6513ced06f1dd0da35296,0x1d106c2277742813cf8aecd912592094ffc6e7d6a29822ead992a5f2a314db00,2,"[0, 1]"
74994642,0xa5444dc924d0a8df25f155a89279d731a574448e40631fbcc5b017439c895aa7,627,0x8f48855e451e0dad6a062d849b55902d44efe65dd092c909b59e8fb5e545d060,0x58e1745bedda7312c4cddb72618923da1b90efde,0xc83ce7d3852acf877aa94b00b21159ac867495fc90b48610bd855107348f671f,2,"[1, 0]"
74994643,0x2cff0d9f9faf3e728a272884181036bb2f53811b1ffb677d5d1c2338cd800c4e,684,0x871a52aa316c30b966c88339d6821ca07649d437ce658d1b1a241f6e012acf38,0x58e1745bedda7312c4cddb72618923da1b90efde,0x64bc80833037f4b96fad7c34ce0448b045b53f7352cdb49b289a648a14e51b4c,2,"[1, 0]"
74994871,0xdbdf50cd556c06105f2c9cf62192a01c0ca40c94b63a4a3afd866f9170d5024c,5,0xc7d60c56475c58c1d361fbc65f9a83cd6d25603e9e258774dd9128a44ade73bf,0x157ce2d672854c848c9b79c49a8cc6cc89176a49,0x1a79a9345f63f34bffa229b5594c5cd58bba4175b5c28699633da99ab2dc08bd,2,"[1, 0]"
74995065,0x22cbdf1caddbb90147b827f77533e5e77484e35c1bcb6cda0f6701ce0f6548e7,836,0xc8460e55f18b18e10d48da92f53005c17a789abeb64b8acc03718186a55b5f24,0x58e1745bedda7312c4cddb72618923da1b90efde,0xfdba92e9c1f461e88f7d1660d51d9743c6142192c5f0b4ec4c020c26da3e9ad6,2,"[0, 1]"
74995066,0x3824e5cca0519d0c53e5e6c9ed14c4f6f885d6f65b59ad6619c612ade8adbc9f,1156,0x48825e521e0e0e5032f26ccb390574bc6061ee306fb8266c9bdcc83f604e9aa7,0x58e1745bedda7312c4cddb72618923da1b90efde,0xf32f182ad144b5d409132bcec47722a3668dbbf40777659048303c27cce19fc1,2,"[1, 0]"
74995200,0xee5446356e30e07a937192c868a5e35f58f09c4aedc8944be44579c1564948e3,967,0x8f648fca5d2b5e9d896f09e8e88c7cfc4ed64dc632d623381015b7a5fed42139,0x1754f0f64de768f3c7c5f9335ff1129db2c14a40,0xfad249f80e51f46b916b886d0a37761d3f12ec2add7fb47841df94efe412e637,2,"[1, 0]"
74995513,0x3fcda5406baabc727457ad66d2d8d93bb6ee946dc978d05625700b75e2efece2,1228,0xfe3700e7d947902cd23279a6beb1f725a455e70599cbf2e20e636fa87154130a,0x58e1745bedda7312c4cddb72618923da1b90efde,0x8d3612d09a820fdb07cef11634ba32cbe580d844218fbc5bb590e7682cd89c8e,2,"[0, 1]"
74995517,0x5b558fa891077211513ce3cd060a883e1cf0b255ed4fbe751288794f2c87f0a0,760,0x2aa4c2e95f260655ece3fdc2caf3eb22e39e1c708c5129f2f390ba75bbad1028,0x58e1745bedda7312c4cddb72618923da1b90efde,0xd91128fc874150554989dfa43381de4a2e75b215b85d4c25f6cd725e11b6dbfd,2,"[0, 1]"
74995624,0x5ecc9d8940bfef10374dfc672fd531c61270297fdbf2fc1c733d73b2f907aa6f,469,0xbdf93d41618989fc772673402b363e5e7c154174f7e1f1571e2fbc87b34848d1,0x1754f0f64de768f3c7c5f9335ff1129db2c14a40,0x51e4736761c362b2c1e47990db8bd8646334c33b36e03ff5b829a0263053e032,2,"[1, 0]"
74995627,0x8ebd7c8cc21ec669805dfcc59390d5c676bc3b336084bc41f720d6bb6267fee2,376,0x5ebb80404e98763fd1ad83aee492fddfff42c4835bfd9f93f2839b4fa772ec83,0x1754f0f64de768f3c7c5f9335ff1129db2c14a40,0x2a8af5fa2635267419a078b17e67c6d171b0725cc36671d0ef1bf3beb13c3225,2,"[0, 1]"
74995889,0x6954274b55ae5a0421a5dbc17da6885a3fa4e5752c653eafdc3c3517bc623884,8,0x35c96e5bedc1bf51ff54b357559233aa3eab489e0c30e645492596850d41d4bb,0x157ce2d672854c848c9b79c49a8cc6cc89176a49,0x560ad2acec1f1788066387ef099227bfe51e72f13e5c9c326e28a0ee6a49cab7,2,"[1, 0]"
74995918,0x13d5b88143a957f45886d0553b131e35a0245a655d639649355df903ffe2e141,2,0x05cde4128c2134e101d1b7feb9aa7faa15388f7b6381eedc43f33b3a4233c157,0x157ce2d672854c848c9b79c49a8cc6cc89176a49,0xc0f88d903113dfd5d311fad589c12f0d682c58eac5cd647bc173f0cd315e9a84,2,"[0, 1]"
74995918,0x5801f73b26b81d6d46ff51bd90671391caeeaa906c8aa0bc9a5626cc6af4b4fb,7,0xe0839bbdc5c6302ee421d59a5ef04ceb06cf10f483c0c80022270a0d360bc2f9,0x157ce2d672854c848c9b79c49a8cc6cc89176a49,0x53ad07af15d3e21a60979d1b11d02b58a57b45b6a8b3dfa611d5c3e158a0c8b1,2,"[0, 1]"
74995918,0x693a0e4dd0ab1078c9da221ef304349adb594cd7bcdaf4ca6851ab7928d8a8a6,543,0xb6e5238be486c4d806fb9d2536cefa6092bd1a5f68dd06447c8d082c267aea18,0x58e1745bedda7312c4cddb72618923da1b90efde,0xe205084b41b750cbbfdd0cde5a41ca7cf1f1faf0e3fb774fa18cb244f6d7c646,2,"[1, 0]"
74995919,0x3fe96a3972507f6ed4c202e62bbc3a456283e15b7057752fc179c93d6afbedf5,11,0x604861e8fad36c55ae94a23175f237cf1d1c8ad81cb9b11220ab4022061a1565,0x157ce2d672854c848c9b79c49a8cc6cc89176a49,0xf6063d291381bd75b062d0be9f68786a6eb6a745ff092ed9a39dbe76aad6d496,2,"[0, 1]"
74995919,0x5fb235a7649dc78b5dc2a7c2741f0e71c1bbb618c40acbc2b6691e82d6318954,16,0x5a6a7a944917d11ef21247ef1a3aa377b540479bb5d547e190299695ea8ce87c,0x157ce2d672854c848c9b79c49a8cc6cc89176a49,0x29cf3ddb27a4c351f8c72444ee2a40593b9b244d80f3781ab6493704aaf15a94,2,"[0, 1]"
74995928,0x665f7c3cc19e417a61e5bc492e538b1206c7acf0ed39d3a4b62f9ca16c558fed,673,0x4eb3b849ae3771148ab8f82351e0c3d8ead088099e05635c95f403727de9505f,0x58e1745bedda7312c4cddb72618923da1b90efde,0x171a0d5e912cab2a5f007fa749629590cc3ccac69eeb3a5682ee017c690d2b7d,2,"[1, 0]"
74996330,0x4f02a034b03b2db43d7aea87f444e00eedeb1de4b679ee19a15e1ada96391553,458,0x73563096d70339f270404dd7782143a7804e1a35eb8a75542c1522432d026c0f,0x1754f0f64de768f3c7c5f9335ff1129db2c14a40,0x60ee4469fa81668f44efb1322077b03b6d94a0f2d22f5ff90fb124a09f86582e,2,"[1, 0]"
74996335,0xff02544c2c59acb13d87465704d7232e0264c253c59c5e196f9347df183952f8,397,0xf6aa51785f294b3f7d134f9bce7532801f7656991d509e100976251afcf10d0d,0x58e1745bedda7312c4cddb72618923da1b90efde,0x65a610e46163856b32badaa48226dac14a6d87a12fa00f013869e28980dfde8e,2,"[1, 0]"
74996336,0x96b4f495079504150dad0134f1d144e22f3723bd89fea24618ecceca4e15bef9,1003,0x65f90fd37764b11bec29474357417fdb123a108d298e931c18723e47cf8cd227,0x58e1745bedda7312c4cddb72618923da1b90efde,0xd94c657441d86bbe21bd78176edd6717fca5101ddcc796fcf421f1705f58416a,2,"[1, 0]"
74996761,0xf64a9da0eabe19229d3e4c4905e491bf362d88b41c5a0d434cf1f9b54a4124f6,1000,0x9376aab6fb8911011717e5750f403de860de6f93c2fbdf07e67780ffc12cfe83,0x58e1745bedda7312c4cddb72618923da1b90efde,0x6b2dc5e951fe8ddb1523357fe9796f5e1e89e2c1e9432dca3853d39933953302,2,"[0, 1]"
74996762,0x6f78c0a79eab52efd4c4b9efbbf51749311c8cb1a624fc0f567165d381a77b75,531,0xe04e2620feb2b1c32a216f753ab0cf1d3c4eb153548423e16bf7dac7150fbbab,0x58e1745bedda7312c4cddb72618923da1b90efde,0xcdef6f151e3cd1350832b6f2fe6b74a0fc6a5313720d90ebbedaadd743c35c51,2,"[0, 1]"
74996821,0xf763df0ef043cb0f6ccbcf9285894a4f5550a2d9e831f1ca6f1cb1d6148ec596,6,0xc2a42aea477b136e79bb2fc1ac919c40794d0c821a538c3865a51cae764f7770,0x157ce2d672854c848c9b79c49a8cc6cc89176a49,0xed3b256be1cda9544fcb45b25707d6c45c2ddee293cf0daef1f57d0c101993b4,2,"[1, 0]"
74997193,0x1471947312c5af7f602511d6fef331b70f9660fd931b969e7c5215fd6e86da79,442,0xaa452a3722ee8985b0a8931813ca72e726e68fa638386ac2b2ede24423b7c41d,0x58e1745bedda7312c4cddb72618923da1b90efde,0xa7a1ab28bca3ad12f8fee65e20459089234c2863c44eb25f6f9bb50f5390e8ac,2,"[0, 1]"
74997196,0x552cc5ea5c72543affd30a300759658e43b2816515af0d817d56cfbe6bec00d7,364,0x20753514912833c1d397a8b68c2b404588bb7d8257d2e6239b8b52af292961d8,0x58e1745bedda7312c4cddb72618923da1b90efde,0x8a0cae6271c620b981d1853819ed8459facc3b7b843b3aca61ea5b53675a229f,2,"[1, 0]"
74997601,0x9baabe6de0704f02cdc12527b38564d027072b225d7c16b7412f865b35a74a06,4,0x816f82e8dea58ee2fdbf2fd3c1baa1b5d8d82bb7c77c2bb7c25a44db90fa5d17,0x157ce2d672854c848c9b79c49a8cc6cc89176a49,0xc53c3a9dfe724085038c7cb439db3520db920426ce7083ae60dcafb474e128ee,2,"[1, 0]"
74997601,0xf23209713922bd06d7dc0d43804e3691031b85fd9dc67684b535d60ba94293d1,9,0x1446d988e7ef43ab71934e4807ce9caceaa6405638a49a72671d66d42a43a101,0x157ce2d672854c848c9b79c49a8cc6cc89176a49,0xdcafcc9a14e603bd8b7e6c820388219b45a8440847c7a32a04b8457a15ff5ac6,2,"[1, 0]"
74997602,0x5db133b43f6077063f1c82f61fd512e0fcb04e67c7476bb7508aaf689e636566,17,0x356087ab1b6a1bbe8c516158e8c46cf6d2f71b0202c227bc380b50f51da321af,0x157ce2d672854c848c9b79c49a8cc6cc89176a49,0x12604feee1e50081e6e327c38ec42911dc2cc06059e1bfe0acef2027d1aecad5,2,"[1, 0]"
74997602,0x09071b2914d746839972010745ac08ea9c802ba7dfd6d4dd259292d85e276552,22,0xfdd8f3f1dee6536e3319609f2adbca86990604e6357e7fb50b567814babaf996,0x157ce2d672854c848c9b79c49a8cc6cc89176a49,0x1b8c6dbf3eefe4fa45fa417b525d980e0f49c6ca59c42e1090e7ea2c1506890e,2,"[1, 0]"
74997606,0xdcb5280cd5ba308a496b6091c4a36b9ee952aa9b96edc4db72f918b51fdc921e,494,0xb7f48ff23e5608cf684717d266daf072d9e72df13cce670770b082606c3b3a38,0x58e1745bedda7312c4cddb72618923da1b90efde,0xf5d25069aecae484000f22132c49f848201341e96ae3e7669a9a5bd72930a3b6,2,"[1, 0]"
74997606,0xdce36db87986631231e49a358d124e298f0dac006bb5d89c196ed790e5f29eb1,560,0xa5e5a90405252ec0743633e803a35ac28ea56323266a502f0bff19f58266902f,0x58e1745bedda7312c4cddb72618923da1b90efde,0xfac60c4bb9b3ea67b2cdf9074def5259fccb5d18475ddc9c94ca56a63d91f294,2,"[1, 0]"
74997710,0xe9b2fba67463a0cb66278eff18e6443414e01abda5f88df21202a36de7891096,8,0xb51ec6066e2281dec13cb65738f8b755bfab95d2603ad495801df793fe572277,0xd91e80cf2e7be2e162c6513ced06f1dd0da35296,0x818119ebb99f0afd13c25b6704ef0e8e78d1fdf051be28f58ae9ef2f51cde204,2,"[0, 1]"
74998030,0xeef7409d34f91282fcef861b2eb6a11b477a392a8c22bb259a63b52407336545,945,0x0aac3cb0eab87f31f5a34030a3ddbb99a4ad77d178c1ebeb91cca765f750b5d3,0x58e1745bedda7312c4cddb72618923da1b90efde,0xc216b8df3c61fb985b73c3f58b3afd7900b826f659245b8fd5741adea2f84e40,2,"[0, 1]"
74998031,0xdbdc02a78febc6eaad5d5e3d49861c8fb6ce3fdc423146ccab6614afe92fd089,625,0xe94f120e2de1bdf49473b1cc58185ecee0f1af6dcbbf2e2f5c4c27128861653f,0x58e1745bedda7312c4cddb72618923da1b90efde,0x7621406dd4bcf968f424c05d5260debc2dc73c4edea6e3ee0a08baf3d04aa142,2,"[1, 0]"
74998450,0xe4f0bae780475de10302574164183e3f034fc636ff74b43b3968c82c93f63497,2,0xe6b9105d65f31b60f0d0516658e023dc3218eb74b230e4827ea9f80c457e3e89,0xd91e80cf2e7be2e162c6513ced06f1dd0da35296,0x154aa7d4f4e5e7dee1604ca6f88c0964a5f0e7f13ec9ffd896b9e12a47a26d00,2,"[0, 1]"
74998453,0x99f6f3243c208377e1aff6c6411632537add5527844b7e7ab86f740edb207a53,744,0x480f9c6b11d8a2de904731d74b697c4f8f0903ca77cb3e1bb3e7229f08f082d8,0x58e1745bedda7312c4cddb72618923da1b90efde,0x17617ce081a6b8ffb5d14ce43eab67100a8d3e265e7f3c9bf74c51635d7638b3,2,"[0, 1]"
74998454,0xc75646d387015d5d15711392e0c737e83030eaf54d65d0a14579f8de380305a3,867,0x1b613b6493d3c0c39173100df9eccebc16adcf69b405153eac229896271fb94e,0x58e1745bedda7312c4cddb72618923da1b90efde,0x6afc3960f9aa9e637a812286df7a3263a89fd8df9ffc800060126721186d5c03,2,"[1, 0]"
74998877,0xaa8ee618ad9435bee418bd286de0c26e8132a6031a573cc92c9445a84c51017d,879,0x77f06a1880abd464346c1e6b4478c35ac1231b74a6362fae4c4dff7bc8b3b1f6,0x58e1745bedda7312c4cddb72618923da1b90efde,0x9c5560fac957bfb3e5ec4a4c49e47d27d66a6a1bff42e2704042d6ea755c52c9,2,"[0, 1]"
74998877,0x607721f411875a0df6a87414e55dd07faec428fc683cc7d420f067f68d397996,888,0x3dd9120b5d2f969ed0a3e1ab4c921bf47daf12a9ec7577c6c582745927d916e5,0x58e1745bedda7312c4cddb72618923da1b90efde,0x9a4cc6f2e8ab70e5eaa8f974679327208c2fda3596ba0d518fc400d5f34dc624,2,"[1, 0]"
74999300,0x2da222ac58a38e015638af4811882a63212e8e7951b1ddfb8fb5116bf8e6c99e,541,0x456d18525adf0a568ae1f933a3c2584dc2557cdfc56e4691b41076ca1340e069,0x58e1745bedda7312c4cddb72618923da1b90efde,0xf61637962937969621c32bdad430c70245c64700ed272fc4a23d04cf0d3d2bf6,2,"[0, 1]"
74999300,0x36567291d357588565fe6ee78efc8a9ef57a2ac73b39c95f4e7d89b5fe091420,547,0x7db338b2cdbfd5f0d435066d4b7889de547cb22b72a21132bd4f9ca487a68936,0x58e1745bedda7312c4cddb72618923da1b90efde,0x5644ade7fad2c2d32621b362bb8dfdbd52cb3c45a265061e8ef9ccde5ea7ee06,2,"[0, 1]"
74999317,0x8f9df43044795cbaa150535a857f9ccecf513199e5fca248bd22f166bfff40ea,5,0x558cff8e0cab54e849f9971c07dff2a8dcb23394760221417b7b451d065f2e96,0x157ce2d672854c848c9b79c49a8cc6cc89176a49,0x0e07bd19b23c1f12d92b6898247e64a978004965d057f6ec56470168a43ff9dd,2,"[0, 1]"
74999317,0x3df9d362d67ce24474e2b25dbc0e001dcfd27915d9e72ff0723833ca9ed36236,10,0x9802fd7af7fc51504a68de0517e366200d30ebd27560b7033f3018b946eb7fc5,0x157ce2d672854c848c9b79c49a8cc6cc89176a49,0x1318f70a770778aa01a47a321b1c7f2975a7c221bccb59a647390df0dda2d4a8,2,"[0, 1]"
74999318,0x5c324cfd5bd6042efd1aecd746a55d2ffb73b9ed795bd972ab480e2c00029f65,4,0xf252179ed263a1db4bc8a5fecff6595b047c5654c5f8e55db3d0c191c6ac469e,0x157ce2d672854c848c9b79c49a8cc6cc89176a49,0x2654c77d0162c211d3057dbfbad6b76fbde8adda69e0590d92873e1c83b37ff2,2,"[1, 0]"
74999328,0xdfcecc0299ccd2db861195b38b6e76f8e9187802cf5b12e8919e9d32e2c1d752,39,0x69cc1a7fd27a8da550b2f6fb78d41f1b0379ca729579fffed397e41a4ef86cba,0xd91e80cf2e7be2e162c6513ced06f1dd0da35296,0x154aa7d4f4e5e7dee1604ca6f88c0964a5f0e7f13ec9ffd896b9e12a47a26d01,2,"[0, 1]"
74999347,0x053e818a3c823cb76f887b164b87220261a6033832b3a8fc452dcde60bf760bf,0,0x0281dae553875b5e9fc8a2b55677aeaf5506d6cd822672e476baa038996b1be8,0x157ce2d672854c848c9b79c49a8cc6cc89176a49,0x0185578673b723e6109827ad9bd223dbc6a63811682b50b11dbeedf431d4d0bd,2,"[0, 1]"
74999724,0x55a25eef77b2a236d251c3ba79d33638b42b59e37179691de8943d1a454516f4,400,0x860eaf5f351562b33ad3508737e953d7430d890e020895dfdb6438ad68371413,0x58e1745bedda7312c4cddb72618923da1b90efde,0x0ab9b8ff2e4b31bb88b3837798fd3ed84ae5ae8b4c3ea72439e022297f86007a,2,"[1, 0]"
74999725,0x01381373c623e8b9c0dc18dd3aba494f18cd495825fb293bb50b96cf57f8888a,497,0xdd1c203caa9b0b7d9faaf9229f97590b3e2714b27f507b25be49efc7af0f1505,0x58e1745bedda7312c4cddb72618923da1b90efde,0x96cd5ad56df78fe14ff5daf1aa1c1ca3e1f8bc08d6425c2788b0937509e45cb8,2,"[1, 0]"
