block_number,tx_hash,log_index,fpmm,buyer,investmentAmount,feeAmount,outcomeIndex,outcomeTokensBought
15990055,0x8382ee6bac713e92623501fc4a43ad68717dd24aabdfef7efbe0edfcee340473,368,0x7d362c6b397b16d0fafeb07ed381293c83d4bc7e,0x07c4f39862e865e6f9d307f1df5e6c24367d2c5b,5000000,100000,0,27523463
15990055,0x80ed8a91d61c778f063e858ad422be08e543e4db584115941640be9804dbf6e7,386,0xeece486cb81a7e2aa231e76dc7b7972a1b81e98c,0xcf1cfac0373e68ab4e3d738786cd1f70deae83c7,50000000,1000000,0,52904678
15990123,0x2015a22c3c0253c6b23d8265225be9736248bc2befc86d7bd3ac4767697595c1,423,0x2690000e40f746dad3157f95848cecbe5857dd5b,0x7f2de588e3d990d66fef63bf2378dacc87a139a8,111000000,2220000,0,2107593086
15990145,0xa3a7973bdca5634f8136a2d4c4cc6605e31a2a7bc59c652112b40ed2dd600a2e,8,0x9036e8c496dae179d844dd007bcb65c2f01fb811,0x7a01bdcb19254cebce340f514d363b21fdbfb975,106008264,84806,1,111833206
15990148,0x4ea819aea573053ff402ec0f6878c213cb8f2b8c43d434a31c8ce4ebbe96421a,14,0x9036e8c496dae179d844dd007bcb65c2f01fb811,0x7a01bdcb19254cebce340f514d363b21fdbfb975,102781201,82224,1,108425994
15990218,0x28aef28bcf3003a995fd119229387229753f0b4ba677a1914b8c5f00b1fffa29,437,0x514e63f5cc8a03d4afcef8c67770ec733409171d,0x58744f91ed701afdc02d55b0467b09ce62c505f7,1000000,20000,0,6838882
15990235,0x231215c4392ce8258319d8d9f8769ba76eb7b1bcfeb54b42a4649d69de4ce3ad,188,0x9036e8c496dae179d844dd007bcb65c2f01fb811,0xa63402c1c92f50b050cb962b0e7344bf3e1cbaed,10216801,8173,0,193238680
15990257,0x59c807a00d3f357d51c782bdb173bc37d739dc1a4cd21f3f7a06a0c3ecdd9318,607,0xfd8befe5fbbbc9f25f3d32252f1da8ca01670175,0x58744f91ed701afdc02d55b0467b09ce62c505f7,1000000,20000,0,8093901
15990291,0xd665a9235b325f15afdfd33e03b655228c0cde27dcb7e4a41ef2ec1a3e365ce9,163,0x54a471f1e85c1a3d5ccbb7ef9ab184044ce04707,0x57d25e392c86e901ed50e574fe607f4a60b29992,7000000,140000,0,10468351
15990345,0xf262edb28994b4098bda698343722d7807b2512d0c5b52698719ef3490c9923c,230,0x2805113522e4b70c38da73afc52f24e00ce5adf3,0x68ca80ac4aa58dd272f6c83a315cf41ec05616c6,47225636,944512,0,74927901
15990552,0xae11c745018ccc0e2e0593a5606db927cac9b122a2077b1da42e4cebf1797751,360,0x2805113522e4b70c38da73afc52f24e00ce5adf3,0x412e664b787b09242d2e18aef34fecfe40b0fc99,1020000,20400,0,1605335
15990552,0xecb825d3917776987f74e8ce5a89e10bff7f4d3e93bdf61f639bcfb6914832dd,480,0x392845b73fe8975cb2bdf9cf09af0811fc6ee9e4,0xd82e6c333a3584f42348f604dbea55df5d224e06,500000000,10000000,1,742831570
15990561,0x97aee8afea73677dadbc020228d3380077fdaca389c7279badd1bae0cac7aec4,577,0xe25fc2faa77cb4ec7312466fcc104edb02596831,0x4cc3522b689a6bf1fb4a2444c523e7776db47552,125000000,2500000,1,326843756
15990562,0x5850e262d51d633dec2ad6d670ec842c65ff0a606058031bff5044041a9b422c,434,0xc33cb94861d63c47fdab2419f82ba54aff667540,0xf97da6616e2fbcd998b2aeb6ec72faa0b7725ed0,55000000,1100000,1,66783691
15990562,0xf1dd0b39f65324fba0674e7275fb628bac36cbb1865966c9a09379050ff17202,477,0xc33cb94861d63c47fdab2419f82ba54aff667540,0x63f8eb9f5f902f6637f75f10fc185e77b0f660ac,50000000,1000000,1,56411628
15990562,0x2571399401bdd26c6f38484bb199b69f92850767ea8441ce1dc3b4a0cbfc04a6,489,0xc33cb94861d63c47fdab2419f82ba54aff667540,0xe834edad3c89e41243c796d37f262541d65f6da5,49000000,980000,1,53136561
15990574,0xab0726cb32ebbc00c9991a9d42820bc19772dfd40c5c695a83897d17e4bf1a6e,125,0xc33cb94861d63c47fdab2419f82ba54aff667540,0xe834edad3c89e41243c796d37f262541d65f6da5,50000000,1000000,1,52878259
15990689,0x8eaa10f7244844daad3fce33e759383c71235f388957fa57df07d208b41df775,465,0xe3c0c9c4d097b5ebc22e87669b2b384189558c46,0x412e664b787b09242d2e18aef34fecfe40b0fc99,1000000,20000,1,1848924
15990734,0x9e8395049a8272a841f083b4caf0cdbdf6ffa8eab24ddbb757862c9b8671d44c,490,0x7d362c6b397b16d0fafeb07ed381293c83d4bc7e,0x63f8eb9f5f902f6637f75f10fc185e77b0f660ac,50000000,1000000,0,287010529
15990743,0x0ed2be47326586956a3f1bd8f339240df8a50a8ac3d41f1e928633d615d570e7,150,0xea4755343d9fcf8583b80e896c2583ffc1b70611,0xf97da6616e2fbcd998b2aeb6ec72faa0b7725ed0,44000000,880000,1,52491180
15990749,0x78ab045b6cba2059da8dde4d88198eb76ba0dc1588f6c840382812e5844f4cf4,133,0xea4755343d9fcf8583b80e896c2583ffc1b70611,0x63f8eb9f5f902f6637f75f10fc185e77b0f660ac,50000000,1000000,1,56195040
15990770,0xf8d87502934580f8191358179c778297265c93b381efa5685f073e47b7e86a33,581,0xfd8befe5fbbbc9f25f3d32252f1da8ca01670175,0x429b02a56e3ddce5ba6b1f20237bb2d10965c4a0,6001676,120033,0,47050759
15990778,0x3cbf9aa161325fd5bdb5d2d1ad658243be6b8b7b41a979d78a382367eda3748e,471,0xea4755343d9fcf8583b80e896c2583ffc1b70611,0xe834edad3c89e41243c796d37f262541d65f6da5,15000000,300000,1,16383689
15990792,0xd97e7c22dc890658bec2c067d7e1ac8b29c8a03adf7fc1fe58d3edf7312ee69f,401,0xea4755343d9fcf8583b80e896c2583ffc1b70611,0x63f8eb9f5f902f6637f75f10fc185e77b0f660ac,6000000,120000,0,51629532
15990792,0x5b79e5bca78aa0f57d67f2bd5b5a248e433a8f5917d69c4334506cb83217442c,448,0xea4755343d9fcf8583b80e896c2583ffc1b70611,0xe834edad3c89e41243c796d37f262541d65f6da5,100000000,2000000,1,108727027
15990794,0x9809283e9b34c14b0d52ff11391b21919157f06805308edfd5f8c26956e15442,248,0xeece486cb81a7e2aa231e76dc7b7972a1b81e98c,0x807a2d05e30d6bfb643a415437d4938c7d3e1d70,1000000,20000,1,98782418
15990794,0x8e57995bc3514e70c039caf7cc7a27106ceeb5b3f9b9468424c977c174865e29,265,0xeece486cb81a7e2aa231e76dc7b7972a1b81e98c,0xe834edad3c89e41243c796d37f262541d65f6da5,50000000,1000000,1,3843386816
15990796,0x46c0602d1d0a0c9073b72d821b4ecf92c762d2d9dc70cf82f1920eb65db70082,310,0xea4755343d9fcf8583b80e896c2583ffc1b70611,0x63f8eb9f5f902f6637f75f10fc185e77b0f660ac,5000000,100000,0,45753599
15990797,0xdf2e848caca5b9d7dd85bd5071cafb32a49bc22aa3724aabef9c34557ff5c385,246,0x76908fe238c47d6b0a864354c3e8e60e42c3d0ac,0x5da7346d021f21c415e51671a28ed8ab5a9270b5,10000000,200000,0,49909504
15990798,0x66e2d887f76e88611e6bcc6696a341d4f3d2b7a09fa765f60479dd609dd6c9c1,271,0xeece486cb81a7e2aa231e76dc7b7972a1b81e98c,0xeb914a1ccf7475232fa078f8121e9c8d2c4a4002,222000000,4440000,1,6872602002
15990803,0xb67e9a987581f690c6236175d58e5020f86a3f946ba0ad25607c5120d40c266f,539,0xeece486cb81a7e2aa231e76dc7b7972a1b81e98c,0x63f8eb9f5f902f6637f75f10fc185e77b0f660ac,12000000,240000,1,189134746
15990823,0xfdae530c931d6a7f562a9f335c25d246a264aca48e56398f14f444600646b884,721,0xc33cb94861d63c47fdab2419f82ba54aff667540,0x63f8eb9f5f902f6637f75f10fc185e77b0f660ac,8000000,160000,0,95291361
15990866,0x59a070bbbaa2b95e61f89b650f6050f32486af505e8b210b81436d7e8516b44e,708,0x514e63f5cc8a03d4afcef8c67770ec733409171d,0x1ff2f3c12db9618337fa32079b89b2f550174702,2925000,58500,0,20002206
15990866,0xb96ef1452af299cb8650479bcbe052275de070a626b0f8476d077a6c073fe985,725,0xeece486cb81a7e2aa231e76dc7b7972a1b81e98c,0x17d52f570a5ffbe528270700aee3634bc23396db,500000000,10000000,0,514334313
15990869,0x4fe9f4016cd978d8762016e124e9e3f846b1e628a625f5e5efdeeb74aeb3f4f9,307,0xea4755343d9fcf8583b80e896c2583ffc1b70611,0xf97da6616e2fbcd998b2aeb6ec72faa0b7725ed0,5000000,100000,0,26502742
15990911,0x396a99f4340501516baefd88b19d972edbeae4c11d262e7b8fbbb3b86fcc94b2,283,0xc33cb94861d63c47fdab2419f82ba54aff667540,0xf169d14ab5bf40e03c2ffe9f91e5f1288b8f371a,2000000,40000,1,2187201
15990931,0xa2922fdd00420a2c0a358ccae6603b97025898bdd45c7f6dbf6a8f0f67e5817f,170,0xea4755343d9fcf8583b80e896c2583ffc1b70611,0x903221b1098263779ae19486028c844e8c338717,20000000,400000,0,75445450
15990954,0x15c729be8908c7f74e22130404e78b1c5a36b065cfc28ce83807e8b075c520bd,528,0xea4755343d9fcf8583b80e896c2583ffc1b70611,0x63f8eb9f5f902f6637f75f10fc185e77b0f660ac,50000000,1000000,1,63419355
15990955,0xa505836facd9301f520da28fd887d3179f4f6c4004d24992fa59fb56cbd851ce,323,0xeece486cb81a7e2aa231e76dc7b7972a1b81e98c,0x807a2d05e30d6bfb643a415437d4938c7d3e1d70,100000000,2000000,0,100295767
15990962,0x6b163448d1e0ed6f4001945ccd9b6e412a348e9fd480b2deb807ec61bcc32818,258,0xea4755343d9fcf8583b80e896c2583ffc1b70611,0x903221b1098263779ae19486028c844e8c338717,100000000,2000000,1,113013561
15990967,0x2ba8cc4f49cbee02b54d2438fc907e1ab45cc3408fb9ca48811b531265fdf01a,165,0x392845b73fe8975cb2bdf9cf09af0811fc6ee9e4,0x932e564acc849074725204b8925ecdd41ec06903,100000000,2000000,0,357900874
15990979,0x9d3fbd1ddd539a09aac3a4679df1734fa2287e01d27d361582ce0b482a14ea78,151,0xe25fc2faa77cb4ec7312466fcc104edb02596831,0x4cc3522b689a6bf1fb4a2444c523e7776db47552,125000000,2500000,1,325285635
15991011,0xe6911374bb74d7d3804b82d2d219d800c43a5ea09b3b97898e3781fc5c93075e,586,0xeece486cb81a7e2aa231e76dc7b7972a1b81e98c,0xeb914a1ccf7475232fa078f8121e9c8d2c4a4002,10000000,200000,1,1204495492
15991025,0x3b654f2874361a87ac35e839cb063422bd0e444c5474f36b9987f7cf5b7bf830,528,0xeece486cb81a7e2aa231e76dc7b7972a1b81e98c,0xeb914a1ccf7475232fa078f8121e9c8d2c4a4002,10000000,200000,1,1167479710
15991034,0x5cf0fcd2f4bb4827a6e8b845855d17bb44286fc7bf7f836475d32da3792bafce,128,0xeece486cb81a7e2aa231e76dc7b7972a1b81e98c,0xeb914a1ccf7475232fa078f8121e9c8d2c4a4002,10000000,200000,1,1037301943
15991052,0xed8dbb166981cef64eadc7c126454e9a3d7e8569ac2cb9a3a7bf4689403c0cbc,584,0xeece486cb81a7e2aa231e76dc7b7972a1b81e98c,0xeb914a1ccf7475232fa078f8121e9c8d2c4a4002,10000000,200000,1,927912554
15991088,0x281abcdfa4e1521a2e40a93c05f5e3c6cb0795c19ba28486b956b08e298c198e,472,0xeece486cb81a7e2aa231e76dc7b7972a1b81e98c,0xeb914a1ccf7475232fa078f8121e9c8d2c4a4002,10000000,200000,1,835108929
15991088,0xa2eb348b56d33487f0540fb75e401f1b299c32869bea3cbed2c7086860384aca,533,0xc33cb94861d63c47fdab2419f82ba54aff667540,0xe834edad3c89e41243c796d37f262541d65f6da5,500000000,10000000,1,511055894
15991124,0x52d183239a29c960c610eef46c78c177475a5e0ec8bc15a7937692f2bdb9d185,661,0xe25fc2faa77cb4ec7312466fcc104edb02596831,0xf6129c47f5ef4cab25f3aa67b5e3aaac77b15700,100000000,2000000,1,260574098
15991124,0x7223dcc8ab190068ae440abbebe79ea7cb5b5fb39a644eb535a30922cd296273,675,0xeece486cb81a7e2aa231e76dc7b7972a1b81e98c,0xeb914a1ccf7475232fa078f8121e9c8d2c4a4002,14000000,280000,1,1038263223
15991150,0x00eb9dd088f89dda08ab8e2e51a842263f09d7ee34c7c1e32fede07962ef5cb3,159,0xea4755343d9fcf8583b80e896c2583ffc1b70611,0xf97da6616e2fbcd998b2aeb6ec72faa0b7725ed0,22000000,440000,1,22478806
15991156,0xc3901963bb5326123fc8cd4067df056df360b8b44c10d757a89dfb23f6f1bd7f,172,0xea4755343d9fcf8583b80e896c2583ffc1b70611,0x63f8eb9f5f902f6637f75f10fc185e77b0f660ac,25000000,500000,1,25450711
15991181,0x7e74fc6fd1e1ac043e2f8f5bc3752912b8a19c9635ba6429edad1362c1d09283,268,0xea4755343d9fcf8583b80e896c2583ffc1b70611,0xe834edad3c89e41243c796d37f262541d65f6da5,300000000,6000000,1,300916856
15991222,0xd50bc52f0e016be1ee0b08c2a838523fcf46f6fb3d5ac32848f842230fcae111,135,0x587dc5df0c8dcc5663e21e738704274244590c5b,0xf169d14ab5bf40e03c2ffe9f91e5f1288b8f371a,3000000,60000,1,4511989
15991304,0xc7371499d239cfa5fa3d737d1b870a5d6b92a4f60912c575bde69782c83ef4e5,401,0x2690000e40f746dad3157f95848cecbe5857dd5b,0x7f2de588e3d990d66fef63bf2378dacc87a139a8,111000000,2220000,0,2187922680
15991328,0xb7e2127879be9fb9a1b22749df1ac9919c71275ba73db2523a31ceae5e4cccb5,122,0x76908fe238c47d6b0a864354c3e8e60e42c3d0ac,0xff5769cf7801aa9aeb4ee6cae8cc652bc4049b94,50000000,1000000,0,244210066
15991372,0xd98ad0542fbf07bf9d3a6233d0259079bfaf367f6aa98f9d09b74010c06e0f4a,434,0x2690000e40f746dad3157f95848cecbe5857dd5b,0x7f2de588e3d990d66fef63bf2378dacc87a139a8,55000000,1100000,0,1045260527
15991397,0x76663e5a1db9aad6b9a87617f30a68f50fc289336681f05662dd13b3c1a5b03e,209,0xe25fc2faa77cb4ec7312466fcc104edb02596831,0xe834edad3c89e41243c796d37f262541d65f6da5,1000000,20000,0,1593665
15991447,0x9b367f466d757a039b9f6faa07b7a22710bdb659b13fa10b541e84b16705c653,155,0x1a40fdb67928462b7f1bfc4501957d144b5705e5,0xff5769cf7801aa9aeb4ee6cae8cc652bc4049b94,50000000,1000000,1,138888868
15991449,0xe289a8dc14f4a4c9ff4715847e3ab0f42fb34f6e7ece1edd2db10bae15087f2a,222,0xd1278ee91633a063e24681bc728223a1a70dac03,0xc86414897d4f2ad767d1f87723097c894f9060ca,10998652,219973,0,11548379
15991507,0x6db165bf627e3625b5904ed4d018580da01100791de8410e9e887d52ca3d76e3,201,0x392845b73fe8975cb2bdf9cf09af0811fc6ee9e4,0x07c4f39862e865e6f9d307f1df5e6c24367d2c5b,10000000,200000,0,29275454
15991744,0xdd6bb6314b7b3a11444ed2dfa3f3228d1b289ed3c459bb719028dd383a3e11c5,499,0x16d56545ac8b949cc2a90c5540682174fae9bbfd,0xc242f863ae38e1f6e2cd7332a00a6343cfa62de1,45000000,900000,1,209594635
15991890,0x5ccaea6e614c475a944db18054620e4985f8760be4b0116c9a8d895d4fe843e7,509,0x563c16bcbf78753a2e659260ecae626e8c8b46f6,0x17d52f570a5ffbe528270700aee3634bc23396db,5000000,100000,0,21572188
15991968,0x980a2a02ee6929e3cc653212643eb747c88666f181b8e6e9033fdc52a3b33dae,651,0xf1ff648170dc1a2559a941916eeed6496501f93b,0xcb8a9b9672ea9de086732a1bb928729e8f5564c9,5000000,100000,0,5630158
15991975,0x24e447bb58eb337ef89b4729abff72f30afb0f2c35f3a0fb07b388e9385a8daf,336,0x9036e8c496dae179d844dd007bcb65c2f01fb811,0x807a2d05e30d6bfb643a415437d4938c7d3e1d70,7000000000,5600000,1,7377435919
15991986,0x3dcf54ef8d602b7ebc1906b8432d4dffa3cd1120760caac20a3e069f1d1d2641,385,0x563c16bcbf78753a2e659260ecae626e8c8b46f6,0xcb8a9b9672ea9de086732a1bb928729e8f5564c9,5000000,100000,1,6539791
15992175,0xc454c9a1cafbe8bf48a3395f6da3388c0382b5bd3ad54eba338e02dc9b64f3ff,631,0xea3b684f704f0b2325088251cfab2646395f3a4b,0xcb8a9b9672ea9de086732a1bb928729e8f5564c9,5000000,100000,0,9308011
15992432,0x10c604fc31e896cc99607a7de081573d79e21c6e9033529577a659bdc2989736,574,0x7d362c6b397b16d0fafeb07ed381293c83d4bc7e,0x1e8088a562278fed0c7558cc974bc4cd4b40102d,83870000,1677400,1,99998326
15992435,0x4e203679d488b92b59d3d155d02295396c69945424ef454fa13bf64090eaeeaf,495,0x9036e8c496dae179d844dd007bcb65c2f01fb811,0xeb914a1ccf7475232fa078f8121e9c8d2c4a4002,999000000,799200,1,1050246124
15992435,0x07ef7797551f75dffb6ce5fad08b081b1d85668bbc37bcd2e507921ee4b72467,580,0x9036e8c496dae179d844dd007bcb65c2f01fb811,0xf769bf34227c8f5d68c42af1868b107510d1235e,2000000,1600,0,40410945
15992435,0xf23404fe030381df07ce4eff992a43efe8412bce1c40e91b448d0bb21e96abbb,744,0x1a40fdb67928462b7f1bfc4501957d144b5705e5,0x4e80e94f2ee9919a5bc7f5eaa61ae984dcc6089c,350000000,7000000,0,528908690
15992455,0xe798bd057cfc5e4818a8b8f9d2e33be9ce975b856460707470dd2e426e87f26e,375,0x76908fe238c47d6b0a864354c3e8e60e42c3d0ac,0x4e80e94f2ee9919a5bc7f5eaa61ae984dcc6089c,250000000,5000000,1,306151925
15992466,0xff07293f228ca2c6d55896db70f1c74191b254749d3563ce3f09c766a8f6a405,453,0xf51250d5762690ee8dc63ee0ecb4a1e830bc57aa,0xcb8a9b9672ea9de086732a1bb928729e8f5564c9,5000000,100000,0,8862001
15992509,0x3dd2a8c6ec0b21be8be6e04a43975e81ad0ee69afca81427d5176479bd7c066d,387,0x9036e8c496dae179d844dd007bcb65c2f01fb811,0x807a2d05e30d6bfb643a415437d4938c7d3e1d70,370800000,296640,0,7377433565
15992608,0x53ea36627c42401e154fdcce9d85a6926b2114347ac442b32d26121c2f8e75b4,352,0x06d735f3f0a6e6da6d001a96e6a524da6eb07823,0xcb8a9b9672ea9de086732a1bb928729e8f5564c9,5000000,100000,1,6235467
15992680,0x30e93177369c4e51f988995ddf7c716d1e79c0d5ed51191d5e8ff827ec7c99fd,679,0x2690000e40f746dad3157f95848cecbe5857dd5b,0x7f2de588e3d990d66fef63bf2378dacc87a139a8,111000000,2220000,0,2118072031
15992734,0xe32f284e7f0e05e13d32abaf92d1561e685061519d2b920f7d26877e2a515126,603,0x4a740a0d4bdd77060765b972423d04fc8eee6100,0x7f2de588e3d990d66fef63bf2378dacc87a139a8,111000000,2220000,0,5488553882
15992826,0x0485d19f456450ac72e0f3e6c892bdc3e2a0d85d30e0b98f433976c6f86546ef,504,0x2690000e40f746dad3157f95848cecbe5857dd5b,0x7f2de588e3d990d66fef63bf2378dacc87a139a8,55000000,1100000,0,1013133073
15992891,0x35626e910b0a9cbc29babc24686786ad93a4b9f57bb17f0f8a56c448c3f3aff6,411,0xb4bb481aa3e7925384619180b71bbc482420c9f3,0x0b953e4b70d5f1b32e189433a1583b4f8381b516,1000000,20000,0,1015196
15992968,0x586bf84ca41deb487f95fb783e565dd3a0d14112588bfbe9668914773eafc331,347,0xd1278ee91633a063e24681bc728223a1a70dac03,0xb5fc4d5388952dc7a798fe784fe659f9a20e5ca4,68006,1360,1,1000001
15993127,0xb79c7dba71a59273ad259d87f7d69fe02ad66b622dcac3dc16c7f75529605e63,417,0xe25fc2faa77cb4ec7312466fcc104edb02596831,0x4f70929ba287ac85dc2431c85382ccd9e6b0d185,10000,200,0,15417
15993127,0x0b0e8cda0f7910210459dfc7bc924512071cae98fd1210739789b6248263c325,681,0xeece486cb81a7e2aa231e76dc7b7972a1b81e98c,0xeb914a1ccf7475232fa078f8121e9c8d2c4a4002,1000000,20000,1,1234846815
15993127,0x4b6a7a09ed20750579443864cdd50d509343b575f0bc01e0aa42644ce90165e7,848,0x514e63f5cc8a03d4afcef8c67770ec733409171d,0x932e564acc849074725204b8925ecdd41ec06903,222000000,4440000,0,1511521417
15993170,0x086c365370fef08121f423ff0b84cedeed38cc2b08bb51823033508e9926c3c4,464,0xa19c5149ac635190729552346f2b85e56dd5de0d,0x1e8088a562278fed0c7558cc974bc4cd4b40102d,26054000,521080,1,49995101
15993188,0xf04d4f1c8845c38da06c7fcfc004a222d9b233e45ad5ad457a15654175d9603c,241,0x392845b73fe8975cb2bdf9cf09af0811fc6ee9e4,0xd82e6c333a3584f42348f604dbea55df5d224e06,100000000,2000000,1,143163832
15993200,0x327a2d36eba75aa05968c18a98a5d5c281999ef312e62f5794c8d99bea66c402,58,0x9036e8c496dae179d844dd007bcb65c2f01fb811,0xbf66d87a5aae0de6c5019b03fea5e9ebcae40c9b,10000000,8000,0,202376736
15993245,0x767c09e8f74c2fed52ddcfe1883487ff13017d966667ea5cd00f2ce0da966f65,454,0x392845b73fe8975cb2bdf9cf09af0811fc6ee9e4,0x932e564acc849074725204b8925ecdd41ec06903,45000000,900000,0,140028905
15993288,0x6431f329bc62d8e8679688816b885d0669b1c5b8554960a334a8ee722052a80c,156,0xffac089ba64b188b0da740b9f364c9f7f6fecfa9,0x903221b1098263779ae19486028c844e8c338717,1000000000,500000,1,1081369154
15993298,0x74a5e9ff3f3a203795b6c37b2fbf5d116528b479ed88a4038a1c962ebeca633a,482,0xeece486cb81a7e2aa231e76dc7b7972a1b81e98c,0xeb914a1ccf7475232fa078f8121e9c8d2c4a4002,1000000,20000,1,1186803650
15993419,0x261c0221e4904af45890603f72cc99e7415863a741372ff09f3719f980812b0a,635,0x9036e8c496dae179d844dd007bcb65c2f01fb811,0xeb914a1ccf7475232fa078f8121e9c8d2c4a4002,2600000000,2080000,1,2724378598
15993419,0xf2e2fde0460f3f57e7dce672ee319ff320cacb4680d1ebaf57cf726497e7f1a1,652,0x2690000e40f746dad3157f95848cecbe5857dd5b,0x7f2de588e3d990d66fef63bf2378dacc87a139a8,111000000,2220000,0,2101925794
15993453,0x6e1876dd982c65f6d0be35d8e805a30eec4d49379fc735a82883fe43d1a87ad3,599,0xeece486cb81a7e2aa231e76dc7b7972a1b81e98c,0xeb914a1ccf7475232fa078f8121e9c8d2c4a4002,2000000,40000,1,2240281119
15993513,0x86c202c167a030ddb6667b06d13d23db182be9eaaace410b56ef2055aa0aefe3,659,0xeece486cb81a7e2aa231e76dc7b7972a1b81e98c,0xeb914a1ccf7475232fa078f8121e9c8d2c4a4002,2000000,40000,1,2078567105
15993745,0x0c419f9f99f5786334ddf7c856c52c9d30eeae10c7ee566e687581409d7e4c58,844,0x2690000e40f746dad3157f95848cecbe5857dd5b,0x7f2de588e3d990d66fef63bf2378dacc87a139a8,55000000,1100000,0,1004303733
15993746,0xb21682f75c6e33c1478bcbc46e01e436f990d27400e4abef214ea796271f3bd8,528,0x9036e8c496dae179d844dd007bcb65c2f01fb811,0xeb914a1ccf7475232fa078f8121e9c8d2c4a4002,2300000000,1840000,1,2406139819
15993747,0xefb12d473ea6eee0b50ce2d92fbb6f6c0230d111117e99880a49f3d0399f226e,283,0xf51250d5762690ee8dc63ee0ecb4a1e830bc57aa,0xf2688e16220bbbff71f0ee5a6e327a71ea73e6e2,5000000,100000,0,8531481
15993770,0x1f1cfa2092ba631538ac2c2108c9ccf921f65f9c701cf57a487b8abd4fe4975b,155,0xe25fc2faa77cb4ec7312466fcc104edb02596831,0x687349b551df31c4a330bbaf1519458cb521d9e5,15000000,300000,1,40192957
15993798,0x9e346be2c9cd3d90e6310b37ae636f907257feaff7feff67444409c38c3dc9cd,725,0x4568e4dc02ab786893f3f97c16e31faa836c8958,0x5934f2b087df19b588623979182be5b28efa4cc0,10000000,200000,1,17861030
15993798,0x3ec95e45f15078bed024c0b25d775ffe1ccfc4cc84e7d253ceed755ec37e0920,814,0xe3c0c9c4d097b5ebc22e87669b2b384189558c46,0x5782544b5f3fb59e306bd210f132d464d057fc36,20000000,400000,1,34379593
15993798,0x3bbd6fc684467d73556ac6577c80cba9f6edbd13f320d717ce9933c20f217136,860,0xcb513d589d3e3b463788fb2b764b7d5cd3aaaf3d,0xbb90ad2434c27716e987f6318df47285c6ddffbe,1000000,500,0,10407896
15993798,0x2117e3a4c03ee95aaaf2e31609820bd840713d5959c12ecdcbc78a2dbfc474d2,889,0xeece486cb81a7e2aa231e76dc7b7972a1b81e98c,0xeb914a1ccf7475232fa078f8121e9c8d2c4a4002,200000,4000,1,199634733
15993804,0xd5ed80060af9d266d04e4135c4fafea83086d341ad2d413572dea30a5b586387,297,0x2690000e40f746dad3157f95848cecbe5857dd5b,0xaaf4acafbb7980ce93631d238eb10a5c4ca67883,10000,200,0,180444
15993889,0xac929538eb7f06e3e7c5437444e6272cddacabd15584a5a4aafddd7ddbbea28c,554,0x9036e8c496dae179d844dd007bcb65c2f01fb811,0xeb914a1ccf7475232fa078f8121e9c8d2c4a4002,2250000000,1800000,1,2352796217
15993973,0x25ebab6f606c520a8aa8a95abbc2c4b4d1584756bb198ef6ef5e606dbcc90ae3,157,0x2c3593b02d1c076db5ab8401488b552e43fa490f,0xb1f56fbd81db030502d7cd1bbea695aafbd1823b,2000000,40000,1,2207559
15993977,0x7d4f73ccd4dfec69b2de237827e7e1e0e630d09fbaf3302b67b4fc83a99a6df9,330,0xf080d07409aa8b4fd2004148f586665746190342,0xb1f56fbd81db030502d7cd1bbea695aafbd1823b,2000000,40000,1,2598821
15993982,0xfb9c68851bb078306d53b98bdb3838d4d185db31a42ed366894fbf3ddcf04894,128,0xcb513d589d3e3b463788fb2b764b7d5cd3aaaf3d,0x5934f2b087df19b588623979182be5b28efa4cc0,10000000,5000,1,11161821
15994053,0xe02b3ac5ca6b48f88ae19e80acd45c628d4ce31b0e26fb2dae0981dbeb148d01,278,0xf1ff648170dc1a2559a941916eeed6496501f93b,0x4b320566488d836a8a64a84b09ef6512b8da1a7e,22413834,448276,0,24667555
15994161,0x556a8bd54f21713f45567c98f1a2b56d50656978610965f3f6f5bd0e6ce75ca5,274,0xffac089ba64b188b0da740b9f364c9f7f6fecfa9,0xeb914a1ccf7475232fa078f8121e9c8d2c4a4002,9000000,4500,0,121074181
15994173,0x0b30ed9dbe9fdc64492e97bfd184c41410766b99e26aa24483336b2aa49527e6,211,0xffac089ba64b188b0da740b9f364c9f7f6fecfa9,0xeb914a1ccf7475232fa078f8121e9c8d2c4a4002,20000000,10000,0,267029147
15994216,0x357507b32e6c612a1f2a6443ab1b55df6475c69fc8f67731a723990b0870ed24,336,0xffac089ba64b188b0da740b9f364c9f7f6fecfa9,0xeb914a1ccf7475232fa078f8121e9c8d2c4a4002,69000000,34500,0,900392016
15994369,0x3e59670a89fa43b11f3e3da32e9a04124e5f4ab41a58f9a3a7ced8742ea3f038,484,0x7b4686a753e0e5a4e38957b9763a0e44d64f91d2,0x687349b551df31c4a330bbaf1519458cb521d9e5,1000000,20000,1,1330285
15994453,0xc84c70b17805aa875ac241c50ce5a60d97c6a3daf07536af0dee7366af693840,235,0xffac089ba64b188b0da740b9f364c9f7f6fecfa9,0x43372356634781eea88d61bbdd7824cdce958882,600000000,300000,1,649708612
15994469,0x099fa0bfec9c028903ce2d58a3876d5a8633f40f08a422472643392aaba5014b,293,0x11eb79c7a18259bfce838021bc49a005974f06bf,0x7059109385f47040db8629032d7cf8b5b50670a2,50000000,1000000,1,1029130242
15994471,0xe32bdce9c197743d2e1d822af90edb22fc97acb734aad8eb27e1781add6f6227,194,0x9036e8c496dae179d844dd007bcb65c2f01fb811,0x7789806c754eb0af4c3abeb026c218b4ba78f823,200000000,160000,1,209088352
15994719,0x865d05dce659f6a3bd3c4dd90b9e40711b138671ce03d517765df3cada317ed5,475,0xcb513d589d3e3b463788fb2b764b7d5cd3aaaf3d,0x903221b1098263779ae19486028c844e8c338717,50000000,25000,1,55370255
15994721,0xf89d0d806afa27d31c5202c276b6395dbd2918e1cad98bec60d7ccc412b29724,349,0xe3c0c9c4d097b5ebc22e87669b2b384189558c46,0x6b5510f8c0251a7131c7eda5091908f0eec9c60f,5000000,100000,0,12081910
15994721,0x36dcb95c8c541410979f944f0d4bb609c2d8035da253933c9b09054ce11a0497,362,0x9036e8c496dae179d844dd007bcb65c2f01fb811,0xeb914a1ccf7475232fa078f8121e9c8d2c4a4002,1000000000,800000,1,1045322437
15995507,0xac263c414272ee247629f80044c0fa01a3e177820ac751254eced171b940c9cf,805,0x2690000e40f746dad3157f95848cecbe5857dd5b,0x7f2de588e3d990d66fef63bf2378dacc87a139a8,150000000,3000000,0,2801273983
15995509,0xc1bdcfeb9a4a92a28281e2ebc8a4ecc727f7d456041eec318b3f09ce0f0220ae,540,0xa8b030aece20f8254da182e3a45e73a0934a04f6,0x4cc3522b689a6bf1fb4a2444c523e7776db47552,760000000,760000,1,792914762
15995509,0x066cca98f4db5ec225f28f59ab9245c734693dbe0a61bd2285a937229163c82e,587,0x0516d8d671cf149de8aa4ee1c4d30da4afb4e0db,0x7a22147d7f97b30f94825ada61eb91c7c46792e2,5000000,100000,1,8399454
15995638,0x45a2a49a7c2cbc8d3becb8e60f6d196264ff738aeabb2d657751afeda887f972,660,0x563c16bcbf78753a2e659260ecae626e8c8b46f6,0x91367791a6dd1de50be8dc9d7be7b8fdf0b7a365,1000000,20000,0,3978036
15995638,0x363af287c4296934dc379f03a774712ec489744ff2145c2101afbf71afa36a19,672,0x514e63f5cc8a03d4afcef8c67770ec733409171d,0xc2ae10af5ad16c72f21c3f803b90b0e2a8996374,150000000,3000000,1,171825955
15995675,0xc316e55c5963e264947a60b016d537e00527341988c7ff1c7d82b0bfb29bb972,764,0xe3c0c9c4d097b5ebc22e87669b2b384189558c46,0xeb914a1ccf7475232fa078f8121e9c8d2c4a4002,9000000,180000,0,20020608
15995676,0x993e326217c44382bc0857680a8639d48ed1f80ffe902cb8136f5d48f566f9c1,675,0xdd8a31450d767d4df744830517492f170e916e52,0x9906326a56f483e000ff18b4a591c077852e8ff9,5000000,100000,0,11995885
15995680,0xd2b9f035c0288d53afefb633c9a599abc7227a9c610b2df2e51b0dfc71e4aedd,497,0x514e63f5cc8a03d4afcef8c67770ec733409171d,0x53843d2d18c9a219dd78207e7f590cf956d3b2f2,300000000,6000000,0,2024148734
15995681,0x287b952b94e27082cc6050a78c6542e20031914f370ce3714dd6fb36415f07c4,43,0x9036e8c496dae179d844dd007bcb65c2f01fb811,0x7a01bdcb19254cebce340f514d363b21fdbfb975,102445317,81956,1,107077189
15995687,0x29a0074aa48c7eab6cfce12b3a4be7d18560e70109e7ab04a45e0a0142efbc49,58,0x9036e8c496dae179d844dd007bcb65c2f01fb811,0x7a01bdcb19254cebce340f514d363b21fdbfb975,152118983,121695,1,158992927
15995713,0x0c90f75b8a5f0ceba09ce5015d75f769ec4c8bee648eb6c46d8375aa1813262a,355,0x514e63f5cc8a03d4afcef8c67770ec733409171d,0xc2ae10af5ad16c72f21c3f803b90b0e2a8996374,100000000,2000000,1,114758965
15995789,0x2407c1226c48066cb0d104286ef51dd0889121ba0133a4454fc2787a3d71a8d5,469,0x2690000e40f746dad3157f95848cecbe5857dd5b,0x7f2de588e3d990d66fef63bf2378dacc87a139a8,30000000,600000,0,560659455
15995789,0xce89771d3bd2541be748e9be81986fc618922a17e524028b3ffbbfd403bec50d,499,0x9036e8c496dae179d844dd007bcb65c2f01fb811,0xbb90ad2434c27716e987f6318df47285c6ddffbe,50000000,40000,0,1133287335
15995834,0xf3fe170b5cf4ff6890804db23ac656bb6c4b73acaa739352c5c3c8831dc1fc0d,206,0x9036e8c496dae179d844dd007bcb65c2f01fb811,0xbb90ad2434c27716e987f6318df47285c6ddffbe,100000000,80000,0,2251498877
15995842,0xddfe0f24fe942601e738eeb25d5dea76def1f9148611a26ea2c2f8bad3d26c12,285,0x9036e8c496dae179d844dd007bcb65c2f01fb811,0xeb914a1ccf7475232fa078f8121e9c8d2c4a4002,600000000,480000,1,627455374
15995888,0x5526c67339c43ea40859b8faa2ccab9429b77865d373f110d2a990fa2641ad01,383,0x9036e8c496dae179d844dd007bcb65c2f01fb811,0xbb90ad2434c27716e987f6318df47285c6ddffbe,100000000,80000,0,2237156973
15996008,0x3ed284fe1566b60070b76d5ed15a304cba5ad2cbde22b1d1cab1534935fed11e,182,0x517b5b9eeae89eb11c372ab2a39fe53ab68d22d4,0x7327fa22e04a2db52e3040ecb416882b5cd5debe,50000000,1000000,1,489998326
15996009,0x54241999d225e1e598c8e09504d2d6383a5ac404812096301f08348c127dc05f,200,0xf67cd5424e59ccd185ace772a0e0ddfbaf0c7bf7,0x9906326a56f483e000ff18b4a591c077852e8ff9,2000000,40000,0,5200466
15996021,0x6cbafb16e743a40c204709abb810e6e0b13c2afa2ff3b1a4e0e08c3da0507f26,156,0x54a471f1e85c1a3d5ccbb7ef9ab184044ce04707,0x9906326a56f483e000ff18b4a591c077852e8ff9,5000000,100000,1,14653214
15996026,0x4686e81d9df805f9e82b0740bdb8f011f4f44c1f39cbbf2937bd75aa035eaeca,148,0xf51250d5762690ee8dc63ee0ecb4a1e830bc57aa,0x9906326a56f483e000ff18b4a591c077852e8ff9,3000000,60000,1,6938734
15996125,0xb08c22918cfeadf94605936e29faeb72c19d66fdebf51320debc63c890c5cd5f,442,0x4568e4dc02ab786893f3f97c16e31faa836c8958,0x7059109385f47040db8629032d7cf8b5b50670a2,100000000,2000000,0,247097652
15996161,0x4de66c4702aae5ba61b3a6405e7050ddd64f6f2c236fa7fb1c95dcb41e6a9a80,478,0x4568e4dc02ab786893f3f97c16e31faa836c8958,0x425045c67aa2f602a0003dc29d6375628e839088,100000000,2000000,1,162709347
15996174,0x9e5d885f03a222bec444b811ecafdd2434030b43193e934c7f4c7d50cb14bc4e,222,0x4568e4dc02ab786893f3f97c16e31faa836c8958,0x25d67f6c854d04813c997b10223249afe03e18c5,8190755,163815,0,20280114
15996183,0x00d1ed34ef91936f9d76a81acb2c0744a11c87b7527e25de922cd677b73fab67,272,0x517b5b9eeae89eb11c372ab2a39fe53ab68d22d4,0x5934f2b087df19b588623979182be5b28efa4cc0,20000000,400000,1,162518943
15996200,0x31561acdcd695fa0aaff4c40f7c96f9ee95f1bb123aa2689ac3c1cbff87804d6,368,0x517b5b9eeae89eb11c372ab2a39fe53ab68d22d4,0x5934f2b087df19b588623979182be5b28efa4cc0,20000000,400000,1,147815784
15996292,0x6d12858db2f7486f00a4523926b707305769d5d3f21e693e2d36940e80958fb3,307,0xa8b030aece20f8254da182e3a45e73a0934a04f6,0x7059109385f47040db8629032d7cf8b5b50670a2,1000000000,1000000,0,22256267371
15996406,0xb188e70ee4a634d6668d25719e198baf7c83ff2ff66e0b3d384178505f7ace66,234,0xeece486cb81a7e2aa231e76dc7b7972a1b81e98c,0xeb914a1ccf7475232fa078f8121e9c8d2c4a4002,2000000,40000,1,1920126405
15996426,0xb96b355764e162d593e64b950be7d9c638b837533977492c17af9a7ef9dd4f30,156,0xe25fc2faa77cb4ec7312466fcc104edb02596831,0xd40434bd488a18e09f650c40b1d1693e15f27d03,50000000,1000000,1,131862013
15996426,0x3dc0d1c767c86bbcfde89d9dc841e786b5199574f9ef9717f7c08ea580377453,168,0x9036e8c496dae179d844dd007bcb65c2f01fb811,0xeb914a1ccf7475232fa078f8121e9c8d2c4a4002,2000000000,1600000,1,2091857168
15996444,0x1c9e975051c11472ea5b6c1a23231d3e6d81140475602407060afb8a9b00c8fe,106,0x9036e8c496dae179d844dd007bcb65c2f01fb811,0x4cc3522b689a6bf1fb4a2444c523e7776db47552,1250000000,1000000,1,1307001390
15996447,0xa5874eda7f5b959106f64c63f2b8e8b1b392db097b8fbd3998ee722df7ec7156,112,0xeece486cb81a7e2aa231e76dc7b7972a1b81e98c,0xeb914a1ccf7475232fa078f8121e9c8d2c4a4002,2000000,40000,1,1791314601
15996499,0xddf3f1cacfdb491f5685cf969e9f0f2e807ca5f0dc5ed626152c96540cc328f5,168,0x9036e8c496dae179d844dd007bcb65c2f01fb811,0xeb914a1ccf7475232fa078f8121e9c8d2c4a4002,1790000000,1432000,1,1871015723
15996584,0x10cfb2f986807e9bf692299429c182041972a4aaec16251c5d10334a7d94e0e0,111,0x9036e8c496dae179d844dd007bcb65c2f01fb811,0x4cc3522b689a6bf1fb4a2444c523e7776db47552,500000000,400000,1,522516974
15996609,0x9776e5d8e6dce20ae64b15fb4a26f10c63b5f0a2e1854604661ebad6c78cdc0d,315,0xeece486cb81a7e2aa231e76dc7b7972a1b81e98c,0xeb914a1ccf7475232fa078f8121e9c8d2c4a4002,1600000,32000,1,1348798473
15996949,0x7f2a15cfeae794d6032bb884569330dabeb4d026ecb01beda82cdd44656aac13,487,0x9036e8c496dae179d844dd007bcb65c2f01fb811,0xeb914a1ccf7475232fa078f8121e9c8d2c4a4002,1350000000,1080000,1,1410424896
15996950,0x0b0952f363fd0ca857d231fd03634f1595f8a613d9fe57094879f126d3b69515,529,0xa8b030aece20f8254da182e3a45e73a0934a04f6,0xd0d20e8edcd2d7f45bafd3a5e9a8666daf7785ab,2255025774,2255025,1,2366504922
15996951,0xa733e1e52eb21276c29ffc0fc0ed4131412041e6923ff120ac0f812fadcb45e4,413,0x9036e8c496dae179d844dd007bcb65c2f01fb811,0x4cc3522b689a6bf1fb4a2444c523e7776db47552,950000000,760000,1,992308978
15996951,0x3012bc94395a7f2777d8272ab28e0f99e0e2a684393f1ea114b1f8aa00d4b84f,707,0x51b93cc1b34a17efb9db0727d71b960c55891b48,0x577951ce1ef47962f7ec4485a5112f9cd777fd40,93149160,1862983,1,121846159
15996952,0x368fc9f9dbfe984be80fbf31a2d2cbe92435e94a2d0ff0b01ccec1dd26456c12,660,0x4568e4dc02ab786893f3f97c16e31faa836c8958,0x1e8088a562278fed0c7558cc974bc4cd4b40102d,61760000,1235200,1,100003137
15997023,0xa5ce58f6a5374e4cd1b98aa31ca17d8b3f2c2c83218e71ee7aec22272c08571d,117,0x392845b73fe8975cb2bdf9cf09af0811fc6ee9e4,0x4627f92f71d1b997abe7f736fa15b73fd5516288,34632,692,0,100000
15997319,0x84fc3b5cc4acaed370635a284c5abb1aff48b4d2293eaa1b02e325bcd4c25dd4,133,0x392845b73fe8975cb2bdf9cf09af0811fc6ee9e4,0x4627f92f71d1b997abe7f736fa15b73fd5516288,13553246,271064,1,20000000
15997322,0xd2211085df181ef7944c46bdcb9b0b5bb3ae5b30cc968e80d4448c54a6fc50f6,479,0x392845b73fe8975cb2bdf9cf09af0811fc6ee9e4,0x4627f92f71d1b997abe7f736fa15b73fd5516288,13553246,271064,1,19793136
15997395,0xf71f1b17f54779c5015c44939c34ffdd35c695269e26c4e0d91ad2d20265d090,217,0x392845b73fe8975cb2bdf9cf09af0811fc6ee9e4,0x4627f92f71d1b997abe7f736fa15b73fd5516288,34843401,696868,1,49999998
15997420,0xaf4d3580e5957107fb145d057245ced4c7f60a44b892888bf308fddbd4dcf1c1,155,0x392845b73fe8975cb2bdf9cf09af0811fc6ee9e4,0x4627f92f71d1b997abe7f736fa15b73fd5516288,7290295,145805,1,10310000
15997494,0xdaf05153c95de608b9498949c135d8197d7883cc9b324ef12ff3c9842c5742ff,67,0x392845b73fe8975cb2bdf9cf09af0811fc6ee9e4,0x4627f92f71d1b997abe7f736fa15b73fd5516288,148015461,2960309,1,199999999
15997584,0xacbf0de0e8e3e37b834436996ff127b8eb1987f1594a1968495fb91c1ec4cf0f,738,0x514e63f5cc8a03d4afcef8c67770ec733409171d,0xb0d12dff789dcf015cc73973ee9d990d8e57a55a,200000000,4000000,1,228603146
15997586,0x3f20f50d1f7c1379b539b9632bbc9017cfa9279af90084fafad3b12849031be5,345,0x2690000e40f746dad3157f95848cecbe5857dd5b,0x7f2de588e3d990d66fef63bf2378dacc87a139a8,50000000,1000000,0,947259601
15997632,0xb9051d276b3245dcb2e631a267d74c1a7979144516cb3cbf4db36b86445d49f9,39,0xa8b030aece20f8254da182e3a45e73a0934a04f6,0x7a01bdcb19254cebce340f514d363b21fdbfb975,500000000,500000,0,10229791210
15997647,0x36e1bb3a41066511b7f67441287da0a4ac56e609d34d94ba660b28c2f821d360,438,0x4568e4dc02ab786893f3f97c16e31faa836c8958,0x1e8088a562278fed0c7558cc974bc4cd4b40102d,15480000,309600,1,24998764
15997647,0x75045c0713bc6cdcf48f2513788e39a2c889c8ff0c81a1513abc9c833e6fed79,540,0x9036e8c496dae179d844dd007bcb65c2f01fb811,0xbb90ad2434c27716e987f6318df47285c6ddffbe,100000000,80000,0,2297391823
15997732,0x60f6935bfc59ed3678989f36db9ec32b1ed8594f58f79f709cac26eb7e6d9922,582,0x514e63f5cc8a03d4afcef8c67770ec733409171d,0xe6bd64c70f6460154d3d549e0e995a6ff5b2abf2,200000000,4000000,1,228554006
15997732,0x0081b0dc91943b95882314c98b937af1bb2af494b55e1c745e42d38c21d43c2d,701,0x392845b73fe8975cb2bdf9cf09af0811fc6ee9e4,0x425045c67aa2f602a0003dc29d6375628e839088,571000000,11420000,1,589933663
15997766,0x1ba060e489df771e71bc29da71a20c1563b9c56e9bdd5702946238b66d11509c,528,0x392845b73fe8975cb2bdf9cf09af0811fc6ee9e4,0x425045c67aa2f602a0003dc29d6375628e839088,5000000,100000,0,227933168
15997809,0x085289c23149d103dc4035c4f4c6975514651912b7bd4ad8e64f0e8f5428fadf,9,0x9036e8c496dae179d844dd007bcb65c2f01fb811,0x7a01bdcb19254cebce340f514d363b21fdbfb975,3424905164,2739924,1,3571532566
15997871,0x59c00642aebd4d41887bdc67602a553c62ed920e9c16d40568eb4ebd787a190e,26,0x392845b73fe8975cb2bdf9cf09af0811fc6ee9e4,0x4627f92f71d1b997abe7f736fa15b73fd5516288,7133485,142669,0,169600003
15997882,0xf8fbdaf6cca6c1f971e5f6d33a283be9517e1b084f63eb08c01cefae81ceb354,478,0x76908fe238c47d6b0a864354c3e8e60e42c3d0ac,0xb53639dabc4cd6e430591a50e75b2f1eca9c3046,85000000,1700000,1,103327685
15998713,0x068a59bf28675cb67263c124ea18545849dc4742d3f72c36e3247eee2240e97c,532,0x514e63f5cc8a03d4afcef8c67770ec733409171d,0xb53639dabc4cd6e430591a50e75b2f1eca9c3046,289000000,5780000,1,330173956
15998730,0xa84da6ec16baae4e325f1e32caf1561c5e29c7c3e0da41c7b11c0bbe69f9747a,548,0x9036e8c496dae179d844dd007bcb65c2f01fb811,0xf6129c47f5ef4cab25f3aa67b5e3aaac77b15700,500000000,400000,1,520693624
15998731,0x86d753d8c3532378fd315bf8a588506be65f10dd81373c5fc316c1f74e52fb8e,775,0xfd8befe5fbbbc9f25f3d32252f1da8ca01670175,0x6b5510f8c0251a7131c7eda5091908f0eec9c60f,20000000,400000,1,22445847
15998732,0xc54db8eae3efae3aba652066df58e73c57d7df84bdda3dcfb570745ff657e09a,548,0x514e63f5cc8a03d4afcef8c67770ec733409171d,0x402956cec020e043be8a15ce9dc93497e1c9433f,1000000000,20000000,1,1141685127
15998733,0x883e34e53d0176ad8dbce3df6d8b02a25cbfcbf8c238c727957d3f66c1756bd4,549,0x9036e8c496dae179d844dd007bcb65c2f01fb811,0xbb90ad2434c27716e987f6318df47285c6ddffbe,100000000,80000,0,2457423271
15998733,0x32c0b0efee3182c3a641224c0660c790bfcda3a25c4fa850804dd3994ca29a3e,664,0x2690000e40f746dad3157f95848cecbe5857dd5b,0x9454e62f1da067a4da225e05eaf1538ce50dab45,150000000,3000000,1,155101646
15998733,0xd6d4fa66c487f71eb2795e3f4dc9496e65ab63b484b95f2d0f1789a5cfc401fb,706,0x9036e8c496dae179d844dd007bcb65c2f01fb811,0x4cc3522b689a6bf1fb4a2444c523e7776db47552,50000000,40000,0,1220147961
15998734,0x11797d828eeb7226c62f8ee28fed20a7649bf1b7724e21c83c05d8389a37358c,561,0xffac089ba64b188b0da740b9f364c9f7f6fecfa9,0xe6bd64c70f6460154d3d549e0e995a6ff5b2abf2,200000000,100000,1,216265136
15998735,0xa478fec5fed4897f6598e7fc3664f345a52659fd8ca8a9ed5663a89a472c0638,477,0x2690000e40f746dad3157f95848cecbe5857dd5b,0xaaf4acafbb7980ce93631d238eb10a5c4ca67883,10000,200,0,187994
15998736,0x219021d66b77597a26591acc8ae2b39c7622b2def97c9131d8187afcedb6b2f5,335,0x1a40fdb67928462b7f1bfc4501957d144b5705e5,0x07c4f39862e865e6f9d307f1df5e6c24367d2c5b,100000000,2000000,0,150589988
15998772,0x714fa297b20e2dd29fa3262bf0e441b19e511e93ed54cadeeea76c10f01aabdf,402,0x9036e8c496dae179d844dd007bcb65c2f01fb811,0xbf66d87a5aae0de6c5019b03fea5e9ebcae40c9b,20000000,16000,0,486473781
15998785,0x7d5071243782a533039b10ec284a3bf45d23563068ba3c024b71785d23e07b78,620,0x9036e8c496dae179d844dd007bcb65c2f01fb811,0xadbab4f38ff9dcd71886f43b148bcad4a3081fb9,100000000,80000,1,104203739
15998785,0x4bb606a63959ccdcac319b7213b8d72219b2d142790480fbbdf8bfe5c9fa6ae9,632,0x9036e8c496dae179d844dd007bcb65c2f01fb811,0xadbab4f38ff9dcd71886f43b148bcad4a3081fb9,100000000,80000,1,104201963
15998836,0x6334ec66a26d7c766ee9bbb4cf5e68bb601a547320e79dbaf67bffcdf57a7f0c,319,0x9036e8c496dae179d844dd007bcb65c2f01fb811,0x09f41c082d73a8ede2593d4df53fad3cdc045801,55579226,44463,0,1348234479
15998837,0x06cb80972628ffb67c6375a3a2be817989d82787efeef0e3616fe166815fc669,279,0x514e63f5cc8a03d4afcef8c67770ec733409171d,0x9f544de7553b54a4d22af3b98e13b79567b79fb6,3000000,60000,0,20822679
15998850,0xfe4576e230a78062cbc4f1f1ff24a913dc0a46129e359c69bbc7235fc1b95354,461,0xa8b030aece20f8254da182e3a45e73a0934a04f6,0x7059109385f47040db8629032d7cf8b5b50670a2,333000000,333000,0,6547580091
15998851,0xcaddce631f0e5194e5c845769b65d116ca611697b1f93d01c4c4120614c3f75f,334,0x9036e8c496dae179d844dd007bcb65c2f01fb811,0x4cc3522b689a6bf1fb4a2444c523e7776db47552,65000000,52000,0,1579917811
15998851,0xa32813ede2d03260bda9e3bad92508c33fc0568f3ca332e8e135da8f5cf856aa,356,0xcb513d589d3e3b463788fb2b764b7d5cd3aaaf3d,0xbb90ad2434c27716e987f6318df47285c6ddffbe,5000000,2500,0,47146696
15998869,0x2eb5215975f48e044377e9661cd7ffc517fe90861ef801b4bef866ef7fa2bee5,143,0xe25fc2faa77cb4ec7312466fcc104edb02596831,0x4f70929ba287ac85dc2431c85382ccd9e6b0d185,10000,200,0,15708
15998881,0x05840d53f34b4f403a6a0463a8b867dcdd83b992ff3372fed6d060ee563410da,353,0x9036e8c496dae179d844dd007bcb65c2f01fb811,0xbb90ad2434c27716e987f6318df47285c6ddffbe,100000000,80000,0,2412151217
15998896,0xceb989d8d274a08acc15bd25cf60fa3a47d208d7cd65a7b17e2b7a0af6abed8d,308,0x76908fe238c47d6b0a864354c3e8e60e42c3d0ac,0x07c4f39862e865e6f9d307f1df5e6c24367d2c5b,10000000,200000,0,50755569
15998904,0x2bb3495b2d3aaecbf157adef0a617ce97ff067c71b18f0f00c45994580d9b7c0,205,0x9036e8c496dae179d844dd007bcb65c2f01fb811,0xbb90ad2434c27716e987f6318df47285c6ddffbe,100000000,80000,0,2390021430
15998914,0x60b4be0d4ca2f0ddd2d0aa9d7348ec867f66fb117767b7c3ead34a3b6bf64b6c,288,0xcb513d589d3e3b463788fb2b764b7d5cd3aaaf3d,0xbb90ad2434c27716e987f6318df47285c6ddffbe,5000000,2500,0,42705539
15998922,0xdd31a9d62c8a453c87b80f30d28f5e8d2d69f2ea667063d362565d38da2bb50d,183,0x9036e8c496dae179d844dd007bcb65c2f01fb811,0xbb90ad2434c27716e987f6318df47285c6ddffbe,250000000,200000,0,5880296006
15998951,0x42504e645816c9f45df46d862d3dafb214969851bfee6ccad15f9e0a7b921dbb,148,0x375beafdbd211c932c70613253554df9f7601eb7,0xbb90ad2434c27716e987f6318df47285c6ddffbe,10000000,5000,0,65738194
15999119,0xe11ec2274be4794c0020f6cc49d83c6b383967339027d949276ad903d6d20f9e,39,0x9036e8c496dae179d844dd007bcb65c2f01fb811,0x7a01bdcb19254cebce340f514d363b21fdbfb975,3291243791,2632995,1,3435232748
15999169,0x16c1fdf0d299b5ffe46d842768b779a624251119cea5a49d50345872c23f4680,413,0x9036e8c496dae179d844dd007bcb65c2f01fb811,0xbb90ad2434c27716e987f6318df47285c6ddffbe,100000000,80000,0,2437546068
15999182,0x9a03260929fac5f4c27b4f2672965156a4616bb1f9a2b8b9a3435f0f81cd8f21,179,0x9036e8c496dae179d844dd007bcb65c2f01fb811,0xbb90ad2434c27716e987f6318df47285c6ddffbe,100000000,80000,0,2415051596
15999187,0x64269b9eb02bb194e143b0ecd50e2b6af4ba707842fc7c86029ea8c48d15137b,94,0xe25fc2faa77cb4ec7312466fcc104edb02596831,0x5934f2b087df19b588623979182be5b28efa4cc0,10000000,200000,1,25993271
15999203,0xa7c4953a9ba3ec49661d2fb25018890b662dc1cdd1d79a3c9e00bdff04e3edad,281,0xcb513d589d3e3b463788fb2b764b7d5cd3aaaf3d,0xbb90ad2434c27716e987f6318df47285c6ddffbe,5000000,2500,0,38931182
15999203,0xa871b608411a24bc3406475584047fed401bb05a5d2237c32b67a1f9e7e0950b,293,0x9036e8c496dae179d844dd007bcb65c2f01fb811,0xbf66d87a5aae0de6c5019b03fea5e9ebcae40c9b,20000000,16000,0,480339527
15999215,0x549b7cd14a0f241c0ec1e3c0c399f0b076adb5c7f013782efc77aa16bb3ac13e,105,0x0516d8d671cf149de8aa4ee1c4d30da4afb4e0db,0xc4f45f67f80c7b76bda15a9c3450cddaf942de57,50000000,1000000,0,110062136
15999234,0x82f8172d6723ae3bf1d7354fc50bb0865e3cb2eee5a845cbbb8993f57c7af822,326,0x1a40fdb67928462b7f1bfc4501957d144b5705e5,0xe6bd64c70f6460154d3d549e0e995a6ff5b2abf2,69000000,1380000,0,103772144
15999272,0x0b658f9b68613019b23d36c6d488d2ccbcbdc71aa048ebefe094a3161285835f,273,0x392845b73fe8975cb2bdf9cf09af0811fc6ee9e4,0x807a2d05e30d6bfb643a415437d4938c7d3e1d70,1000000,20000,1,1005201
15999321,0x5f62c1d79f5ab4774bdcca7a9fd72078f9aa15fb5abe137120be83c17f0799cb,551,0xa8b030aece20f8254da182e3a45e73a0934a04f6,0xbb90ad2434c27716e987f6318df47285c6ddffbe,50000000,50000,0,963282538
15999327,0x395c310b350b7733709f616e28fa7358e01422dc58e8db8a757a8540f516f413,9,0x9036e8c496dae179d844dd007bcb65c2f01fb811,0x44e960934b5c09aa544d178ff653e0a41ff902e4,200000000,160000,0,4755176750
15999330,0xa0af73b667c1db83fea111df8598284199a0cbaaef7e0f4939b914686d48034c,215,0x9036e8c496dae179d844dd007bcb65c2f01fb811,0xbb90ad2434c27716e987f6318df47285c6ddffbe,100000000,80000,0,2345210609
15999363,0x13c6eaa25e09b5289fa45b5c524005dd91fb7d58b87d16e866589f6c3c6d0abf,68,0x2690000e40f746dad3157f95848cecbe5857dd5b,0x7f2de588e3d990d66fef63bf2378dacc87a139a8,111000000,2220000,0,2076083705
15999480,0x0c7f9fa554e298cdc825eeb18e3d90705b184875fe2d59daadab065723cb480a,184,0x375beafdbd211c932c70613253554df9f7601eb7,0xdfb88d7769c258637715d3325754cbec9e884bce,15000000,7500,0,94765372
15999578,0xf4b3c5da88b96b07c4ab42a3c532c21d0847c5f7b5eff83a790f55cda3d2b960,114,0x2690000e40f746dad3157f95848cecbe5857dd5b,0x7f2de588e3d990d66fef63bf2378dacc87a139a8,33000000,660000,0,595651157
15999671,0x9497272cc2531c3e9f1b066148b9217a4ae954f08634394928a3b9003584a2a5,272,0xa8b030aece20f8254da182e3a45e73a0934a04f6,0xbb90ad2434c27716e987f6318df47285c6ddffbe,100000000,100000,0,1911440760
15999685,0xd5705329a7d9667b5614720d254ed4412f9ff0831364b80e5bbf58219f30c3ea,218,0xa8b030aece20f8254da182e3a45e73a0934a04f6,0xbb90ad2434c27716e987f6318df47285c6ddffbe,100000000,100000,0,1891551756
15999698,0x53cf27c639afc41e02dd6d8969a02aaffdd7a45015266edac237f8d936799ac4,276,0x06d735f3f0a6e6da6d001a96e6a524da6eb07823,0x6b5510f8c0251a7131c7eda5091908f0eec9c60f,5000000,100000,1,6169032
15999739,0xf80f730139e7bc13f5388af08beb86d8045aed0260d7c3420bc9bb2b7574bbc7,225,0x0516d8d671cf149de8aa4ee1c4d30da4afb4e0db,0x5934f2b087df19b588623979182be5b28efa4cc0,10000000,200000,1,18387814
15999752,0xcf25bf5bf10ac2c42b07d0a3d0d73fb7bca75772d9d4fe6bd5204c429870ee9a,237,0xa19c5149ac635190729552346f2b85e56dd5de0d,0x1e8088a562278fed0c7558cc974bc4cd4b40102d,26430000,528600,1,49995815
15999787,0x0e9248f83e3449e9c794159dbfeed68fa8293499d93b9d58bb11b9c3edf8edbb,62,0x7d362c6b397b16d0fafeb07ed381293c83d4bc7e,0x1e8088a562278fed0c7558cc974bc4cd4b40102d,42260000,845200,1,49996081
15999954,0xa5711dd14842b4051848a8b08d79a9d55c9fbed8c626964d74df4cdc7d6c5c09,170,0x4568e4dc02ab786893f3f97c16e31faa836c8958,0x2b71bc97507076a80bd0000cdb134e4fc3041359,200000000,4000000,0,490974060
