block_number,tx_hash,log_index,fpmm,seller,returnAmount,feeAmount,outcomeIndex,outcomeTokensSold
15990003,0xa5356ce376cadd3eb1f267258c0d87615fd89378f1307484091be8870fbfb836,198,0x2690000e40f746dad3157f95848cecbe5857dd5b,0x1ff2f3c12db9618337fa32079b89b2f550174702,52284907,1067038,0,999999983
15990010,0xf1f64192ba548e7d7ec7a191632b0ec6d9747f9198ca51194b0cc61d60d2233b,273,0x4a740a0d4bdd77060765b972423d04fc8eee6100,0x1ff2f3c12db9618337fa32079b89b2f550174702,3615092,73777,0,199999997
15990045,0x5e94aa63f688cb418cae976b869cc43c43aa3e0ac3faa5be4d963c238b2bc7f6,222,0x2690000e40f746dad3157f95848cecbe5857dd5b,0x1ff2f3c12db9618337fa32079b89b2f550174702,51094532,1042745,0,999999991
15990067,0xe4d4efc40aff1cc1f3611450541c8dfbe7d6769d8e5f446f9a3fe36eda5d7ea5,369,0x2690000e40f746dad3157f95848cecbe5857dd5b,0x1ff2f3c12db9618337fa32079b89b2f550174702,49942211,1019228,0,999999993
15990111,0x360abdc18d053a56a49870009a77b6cfa6be6f13cc323f26700700a9b512f3fb,600,0x4568e4dc02ab786893f3f97c16e31faa836c8958,0xffa571a13b808739105e18d5bd5e3e9b9ff34044,396048586,8082624,1,719392205
15990144,0xedebc977c4ddc8d1f8326d09f00fd27d7450a03b1304e38d78e2c1773804dd40,42,0xcb513d589d3e3b463788fb2b764b7d5cd3aaaf3d,0x7a01bdcb19254cebce340f514d363b21fdbfb975,102781201,51416,1,118861327
15990155,0xa53eb36b8118b480fa70af06080c07d8ce73c59a4ce0e09dda58fe86f0c9b5f9,588,0x514e63f5cc8a03d4afcef8c67770ec733409171d,0x57d25e392c86e901ed50e574fe607f4a60b29992,5434401,110906,0,38694156
15990175,0x7264a288d6318e5b4f54af30fad38e0d1af48c4951f42cdca856512c7b014908,428,0x2690000e40f746dad3157f95848cecbe5857dd5b,0x1ff2f3c12db9618337fa32079b89b2f550174702,51220754,1045321,0,999999996
15990190,0x5fdb30a7e2ba075605a39102ddff8cfad9c33a4bb0cad728d98c0f6b6730351f,376,0x2690000e40f746dad3157f95848cecbe5857dd5b,0x1ff2f3c12db9618337fa32079b89b2f550174702,50064412,1021722,0,999999989
15990245,0xfa4774ca988700fed330b50b5bf5b760842fe1164bb137f079ac29183827b2fe,415,0x4a740a0d4bdd77060765b972423d04fc8eee6100,0x1ff2f3c12db9618337fa32079b89b2f550174702,3594715,73361,0,199999992
15990274,0x5a21ac046641171c489f9c50079442f3cce44f74d5d5e650c8954cc3c9a6240f,729,0x2690000e40f746dad3157f95848cecbe5857dd5b,0x1ff2f3c12db9618337fa32079b89b2f550174702,48944772,998872,0,999999987
15990306,0x4b837429b2e4bdb6232261383e602256f2f763938dd587c70871d1b1396e54fa,233,0x76908fe238c47d6b0a864354c3e8e60e42c3d0ac,0x2b71bc97507076a80bd0000cdb134e4fc3041359,1917,39,0,9999
15990324,0x16d80201848348144cc0eb37c3b650a55297686983151aafd5758238210bff6a,178,0x2805113522e4b70c38da73afc52f24e00ce5adf3,0x68ca80ac4aa58dd272f6c83a315cf41ec05616c6,47225636,963788,1,121893342
15990552,0xd81a70d81122ff15ca67ec29da60d11b838d847d931bb5cd4e1b5038339682a7,347,0x1a40fdb67928462b7f1bfc4501957d144b5705e5,0x376441d19f56d43629d3872324dc2e648e13c5eb,243525756,4969913,1,700831107
15990552,0xba8406719ed4dd39321444b9a79dcc1a1ccf7023401ef556c1470bb74493a36b,467,0x2690000e40f746dad3157f95848cecbe5857dd5b,0x1ff2f3c12db9618337fa32079b89b2f550174702,19272353,393313,0,399999989
15990561,0xf1850e9f27f4d7399af8f151c82857893e60e34487f38567bdc8d896a4bf6812,559,0xeece486cb81a7e2aa231e76dc7b7972a1b81e98c,0xeb914a1ccf7475232fa078f8121e9c8d2c4a4002,28481535,581255,1,419999990
15990588,0xf201119baf96895c68d49066a92326d66f920cdf6aba4a2edea9745dc5717600,116,0xeece486cb81a7e2aa231e76dc7b7972a1b81e98c,0xeb914a1ccf7475232fa078f8121e9c8d2c4a4002,56402405,1151069,1,998999991
15990593,0x3297e97a4b303588fc57b532e680570643c440b9b961ea48b9b2f325aec27d45,353,0x2690000e40f746dad3157f95848cecbe5857dd5b,0x1ff2f3c12db9618337fa32079b89b2f550174702,19101060,389817,0,399999989
15990599,0xbd88ec52ffa8a00ef23e816fc6b2b58964375935829b77a584a55e1aab2650ab,148,0xa8b030aece20f8254da182e3a45e73a0934a04f6,0x376441d19f56d43629d3872324dc2e648e13c5eb,6552653678,6559212,1,6845588634
15990604,0x20fe5cc3ca670b8783d6a979a24037a75d61a03b679b6d9154e34131d1cf769e,223,0x656db0178f9bcb3f94864799950fb7e2d550e89b,0x45e3a5d7ab861b71994c6d28b47ce41804055856,5363454,109458,0,200000008
15990656,0x0a172a4cfda9102198e2b01c1be6820e9fbd766fabbf75165813f0772e6deb73,577,0xe25fc2faa77cb4ec7312466fcc104edb02596831,0xe834edad3c89e41243c796d37f262541d65f6da5,110460364,2254293,1,300000002
15990683,0x5155f63d8388674cb3d3a9eb6891f46149383b9343669549a0d50ea0c0598992,486,0x7d362c6b397b16d0fafeb07ed381293c83d4bc7e,0xe46503c255c0354d6474db294837badbf149080e,41575168,848472,0,250610480
15990743,0x8e81a3ef529eb5ca224bced863685b88003774585468b1b6d2fd1bb5a16c2231,132,0xeece486cb81a7e2aa231e76dc7b7972a1b81e98c,0xeb914a1ccf7475232fa078f8121e9c8d2c4a4002,117832648,2404747,1,3332999984
15990750,0x819d90d11ed401518420b557ea7f15a5f6ec94b4a1a9bed1c05f5630eca1bf82,133,0xeece486cb81a7e2aa231e76dc7b7972a1b81e98c,0xeb914a1ccf7475232fa078f8121e9c8d2c4a4002,64285945,1311958,1,3332999980
15990770,0xec2ffdf13889c5f6a3ba824e92ffcb0d1178cec97cc3f5b567b0b5919dc78384,530,0xea4755343d9fcf8583b80e896c2583ffc1b70611,0x5c5feea897e5884995b00d9cad40aff38a7d4caa,148587,3032,0,1404977
15990770,0xcb7ee84a4a4d26f601eced88674aa4a3b1b7d2d58ff7ffd8f47614daa8f7def8,605,0xeece486cb81a7e2aa231e76dc7b7972a1b81e98c,0x63f8eb9f5f902f6637f75f10fc185e77b0f660ac,1474556,30092,1,99999949
15990792,0xc13a3cf7cb649921cd33a3aa6356b4a0dee69f726fe42c2542cf07af64160996,460,0xeece486cb81a7e2aa231e76dc7b7972a1b81e98c,0xeb914a1ccf7475232fa078f8121e9c8d2c4a4002,39669061,809572,1,3332999901
15990792,0x401d91611e705bd2c805262832ac1563b8bf4a4846391c72aca856d7f82cfe3b,507,0xea4755343d9fcf8583b80e896c2583ffc1b70611,0xf97da6616e2fbcd998b2aeb6ec72faa0b7725ed0,44298691,904054,1,49299731
15990797,0xb486dbdb60667f47add2f230cbe23e1aab2cd29f1a85d728abfb0bdb4ab16189,233,0xea4755343d9fcf8583b80e896c2583ffc1b70611,0xe834edad3c89e41243c796d37f262541d65f6da5,43685938,891549,1,51985517
15990799,0x33dcc7326e67155707d75a4784ebe94dafb7254fda65ff660f65f98b52d84a26,273,0xea4755343d9fcf8583b80e896c2583ffc1b70611,0xf97da6616e2fbcd998b2aeb6ec72faa0b7725ed0,2579553,52643,1,3163940
15990803,0xc6f667de7227fed516d11ecbcc00040240a3c255773673542aa449f5093ae5e2,563,0xcb513d589d3e3b463788fb2b764b7d5cd3aaaf3d,0x29f638b0d084a7a54200dcb0ee5ffdcd12b9906b,13538851,6772,0,99999992
15990823,0x7132be6fae3a7acb6abc0505c9b56bfad2e8213b7e711adf9c2f1e1b83778a2f,547,0xeece486cb81a7e2aa231e76dc7b7972a1b81e98c,0xeb914a1ccf7475232fa078f8121e9c8d2c4a4002,52547781,1072403,1,947267530
15990914,0xbbd30cf50533cfed7ce3f2f3c1981587b9a6bcc9cb0275e9b2ef3ced4bdb2387,477,0xeece486cb81a7e2aa231e76dc7b7972a1b81e98c,0xeb914a1ccf7475232fa078f8121e9c8d2c4a4002,43901638,895951,1,1136037687
15990949,0x8e45fe8385a62ad36f7f1193e6c0c836d6b7676f68310e92c81fd30115223b0d,161,0xeece486cb81a7e2aa231e76dc7b7972a1b81e98c,0xeb914a1ccf7475232fa078f8121e9c8d2c4a4002,61828116,1261798,1,2222000000
15990952,0x5c8e06c1d1ed01d4228ad902d39403361702051be9842e017b03ccc49188e5f1,259,0xea4755343d9fcf8583b80e896c2583ffc1b70611,0xf97da6616e2fbcd998b2aeb6ec72faa0b7725ed0,7710062,157348,0,25999998
15990963,0xc5339238de310be5815c6920445feb65b7d2ca058da63dd327a8d2f53d3ed2cf,152,0xeece486cb81a7e2aa231e76dc7b7972a1b81e98c,0x63f8eb9f5f902f6637f75f10fc185e77b0f660ac,4141213,84514,1,189134749
15990965,0x0a17a97af9b83baa67ee767b5f53dcc9dc5b321f09a6a9e25c75c6f8e1b15c59,212,0xeece486cb81a7e2aa231e76dc7b7972a1b81e98c,0xeb914a1ccf7475232fa078f8121e9c8d2c4a4002,57864199,1180902,1,3456169310
15990978,0x84812533e037ef0f5f5111c498628c15b07fe210df445112ffb02614930e8c9b,391,0xeece486cb81a7e2aa231e76dc7b7972a1b81e98c,0xeb914a1ccf7475232fa078f8121e9c8d2c4a4002,12196270,248903,1,999999988
15990978,0x2d21d2dbdd2e613ccc758c5387290c8d10eb8812c5f27aeed5f4d1f6b95d6055,414,0xea4755343d9fcf8583b80e896c2583ffc1b70611,0xf97da6616e2fbcd998b2aeb6ec72faa0b7725ed0,46442,947,0,502690
15990989,0xd32731fc209039d7d0a245fcf1460c86fcf9574fe378c41e00fdd75b91f42093,115,0xea4755343d9fcf8583b80e896c2583ffc1b70611,0x903221b1098263779ae19486028c844e8c338717,5775732,117872,0,75445392
15990992,0xf43b5eca2ff090a21cf67fea8232103ea897976fe435a68c741d32c1fc324fdb,117,0xeece486cb81a7e2aa231e76dc7b7972a1b81e98c,0xe834edad3c89e41243c796d37f262541d65f6da5,35579951,726121,1,3839999882
15991011,0x32a0a3000c49f0ae67d1014d93c6af05cfca3e7e56baf31b96d7f2782399599e,598,0xeece486cb81a7e2aa231e76dc7b7972a1b81e98c,0xe834edad3c89e41243c796d37f262541d65f6da5,25380,517,1,2992451
15991012,0x1f65d8a8386d24d46acad10d22b4de57a63f81e2dfe5887bd115da230c713e35,271,0xeece486cb81a7e2aa231e76dc7b7972a1b81e98c,0x932e564acc849074725204b8925ecdd41ec06903,7138784,145689,1,881166546
15991020,0x15f5e594157e6e76a700124a15b4f6de7cf80ebde812960b506a8f68d832806f,423,0x4568e4dc02ab786893f3f97c16e31faa836c8958,0x376441d19f56d43629d3872324dc2e648e13c5eb,102693356,2095782,1,190265574
15991034,0x794e8ce52c47b12ad6162436e50b7419cfe59b5dc841b2d4d12413f8a6781046,77,0xea4755343d9fcf8583b80e896c2583ffc1b70611,0x63f8eb9f5f902f6637f75f10fc185e77b0f660ac,5017738,102402,0,97383114
15991052,0x4dac66a5379b444537cb14e73f2dedc455b4cc3a9570426d4a6c58a3a148b9f3,540,0xe25fc2faa77cb4ec7312466fcc104edb02596831,0xe834edad3c89e41243c796d37f262541d65f6da5,110973235,2264759,1,299999997
15991123,0xab979ec068a95ea1c1cbbddbce029a6e131d68a37581cf8d5496655b23528c6f,641,0x375beafdbd211c932c70613253554df9f7601eb7,0x29f638b0d084a7a54200dcb0ee5ffdcd12b9906b,16113875,8060,0,99999996
15991150,0x2533064984207eec3b2351b5b005216dbece5862c3d7717a550b60c7dc8fe73d,183,0xc33cb94861d63c47fdab2419f82ba54aff667540,0x63f8eb9f5f902f6637f75f10fc185e77b0f660ac,1374879,28058,0,95291334
15991161,0x7582977aff85f528fe8f2dd4558fc711a35af78a25f2ddadff6addffb9f82c2c,154,0xc33cb94861d63c47fdab2419f82ba54aff667540,0xe834edad3c89e41243c796d37f262541d65f6da5,4442603,90665,0,536624768
15991161,0x5e1700654a9335d9fd038940254a2396c38fb9d52ad825161ca3e32a3193f665,164,0xeece486cb81a7e2aa231e76dc7b7972a1b81e98c,0xeb914a1ccf7475232fa078f8121e9c8d2c4a4002,63712626,1300257,1,6665999950
15991168,0x0994d5eb1134ad13e5b308e0e36439b3df7db2fd4046db51c0813010ece8de0b,408,0xeece486cb81a7e2aa231e76dc7b7972a1b81e98c,0xeb914a1ccf7475232fa078f8121e9c8d2c4a4002,426735,8708,1,64999811
15991176,0xebe808b8dde034a3c7889e91ff4a7a5798839c6677173e73153bd34b7d028fa1,293,0xeece486cb81a7e2aa231e76dc7b7972a1b81e98c,0xeb914a1ccf7475232fa078f8121e9c8d2c4a4002,5007,102,1,764983
15991178,0xc29b155c75bfdaa9e350aea1cea58b93ce49245517244716d2b609133f14a6c1,518,0xeece486cb81a7e2aa231e76dc7b7972a1b81e98c,0x52b778f39b2f97aa3f826dc53e7ac48a10535bf9,3198000,65265,1,500036102
15991185,0xf1959ae62b2f8e0e2d68a8dba08e50e59623842216a7327b955323790323a6a4,103,0xeece486cb81a7e2aa231e76dc7b7972a1b81e98c,0x52b778f39b2f97aa3f826dc53e7ac48a10535bf9,3054929,62345,1,499963820
15991205,0xb131ef15995dd65f6df0cad80dce6c372f7f0d1c2d1ce3422756ce17bcb4632c,405,0xeece486cb81a7e2aa231e76dc7b7972a1b81e98c,0x903221b1098263779ae19486028c844e8c338717,899392,18354,1,151568794
15991212,0xb50dc9c7c1a06819cc6494dae46b823b263b20d2aba1b36fc577294404abc93c,243,0xea4755343d9fcf8583b80e896c2583ffc1b70611,0x29f638b0d084a7a54200dcb0ee5ffdcd12b9906b,4509433,92029,0,499999948
15991218,0x776c2485dbe21a598de9d387fb3938e2c8d60e12f80dc13671821b79073271a6,195,0xeece486cb81a7e2aa231e76dc7b7972a1b81e98c,0xe834edad3c89e41243c796d37f262541d65f6da5,2325,47,1,394401
15991218,0x353ddc720a7bbc98cb68d029ca3df34847ba2447eabb6877e6f50da867c37a0b,208,0x375beafdbd211c932c70613253554df9f7601eb7,0x29f638b0d084a7a54200dcb0ee5ffdcd12b9906b,15483674,7745,0,101000000
15991246,0xe48e255b8ee117a065a08e8d79dfee90fc4033ffb20ca3213bf09545a3d7760f,111,0xeece486cb81a7e2aa231e76dc7b7972a1b81e98c,0xe834edad3c89e41243c796d37f262541d65f6da5,24118165,492207,1,4999999903
15991289,0xb7299fe523c4c974468414acab22f955d43711e918b9a7202d2a8c057c28dde7,294,0xeece486cb81a7e2aa231e76dc7b7972a1b81e98c,0x29f638b0d084a7a54200dcb0ee5ffdcd12b9906b,26751905,545957,1,8998999838
15991318,0x4588bd50771f9bea07943010d62a9f03498f5354ce016b6d0b14345695ed504f,203,0xeece486cb81a7e2aa231e76dc7b7972a1b81e98c,0xe834edad3c89e41243c796d37f262541d65f6da5,10277118,209737,1,5000000033
15991327,0x8baf54f30f3640efccf1df014aad895e68977f299df665434e834e3f48390ce2,108,0xeece486cb81a7e2aa231e76dc7b7972a1b81e98c,0x63f8eb9f5f902f6637f75f10fc185e77b0f660ac,468874,9568,1,249999469
15991328,0x74b5d2667f7ddb67621e10e30430051e1700583a9464fc84fdcccaa26ba20a9f,107,0xea4755343d9fcf8583b80e896c2583ffc1b70611,0x29f638b0d084a7a54200dcb0ee5ffdcd12b9906b,2034400,41518,0,499999842
15991337,0x23d7806c4f1ef71587166dc1c9afad315d7131bd899e4c5dbf1eb3ca1a14f61c,175,0xc33cb94861d63c47fdab2419f82ba54aff667540,0x29f638b0d084a7a54200dcb0ee5ffdcd12b9906b,2947557,60154,0,998999604
15991347,0x23155249547c7f5c001cb7d2d6da71333f1134072c8518c9bd78a1396513cf1d,132,0xeece486cb81a7e2aa231e76dc7b7972a1b81e98c,0x29f638b0d084a7a54200dcb0ee5ffdcd12b9906b,14899284,304067,1,10000000140
15991359,0x6c2d848f59ffc750369ae72bc092d6f380d8b3066634e661c7d2af7d2248d116,190,0xeece486cb81a7e2aa231e76dc7b7972a1b81e98c,0x29f638b0d084a7a54200dcb0ee5ffdcd12b9906b,11048972,225489,1,11399999858
15991367,0xf9ed4186efa5990e8d8a98257360bc6127262049d94f29e37b4f52d958fd2daf,363,0xeece486cb81a7e2aa231e76dc7b7972a1b81e98c,0x29f638b0d084a7a54200dcb0ee5ffdcd12b9906b,17520,357,1,22221604
15991390,0xb8c95e890c9d12c09f98ef69335e90541a4110368642a905752df7175d96a216,183,0xea4755343d9fcf8583b80e896c2583ffc1b70611,0x29f638b0d084a7a54200dcb0ee5ffdcd12b9906b,57506,1173,0,19718180
15991417,0x19db8dc2c0fe11209b07e682b2795d46b20c46408a15d9ee5079d78aa5fe44ae,389,0xe25fc2faa77cb4ec7312466fcc104edb02596831,0xe834edad3c89e41243c796d37f262541d65f6da5,110167617,2248318,1,300065830
15991430,0x04e4b78bd85f64510a150ff5a19ada91d343b89b48b3804f6763bed0400c6e51,263,0x1a40fdb67928462b7f1bfc4501957d144b5705e5,0xc86414897d4f2ad767d1f87723097c894f9060ca,10998652,224462,0,17327013
15991457,0x7d05816228fb529c4f9eeb5a4728ec92064f92ba983bd68cb45a5d9d3a47df8f,200,0xea4755343d9fcf8583b80e896c2583ffc1b70611,0x29f638b0d084a7a54200dcb0ee5ffdcd12b9906b,1133154,23125,0,499999636
15991467,0x50643ca07c18be3a3e956089572db8902d932ce947f8e421c351da639941d855,123,0xea4755343d9fcf8583b80e896c2583ffc1b70611,0x29f638b0d084a7a54200dcb0ee5ffdcd12b9906b,732698,14953,0,500000291
15991500,0xc49def328a9591382fab01daa2d5dfd7ba90d34a499f068ca32c7e04f9c120c7,320,0xa19c5149ac635190729552346f2b85e56dd5de0d,0x85ea5dda3f887e3aaed5db4dd89cc7876c6c5205,10016532,204419,1,20099974
15991602,0x5dffc228c66ab023715a696b49ed15de14254c8f921c9397f7e65b5f333052cb,104,0x2690000e40f746dad3157f95848cecbe5857dd5b,0xaaf4acafbb7980ce93631d238eb10a5c4ca67883,85239223,1739575,0,1699999983
15991611,0x9460788fa2617ebdfe6787d1357bafbb1744dc240b228840dda160df193f41f4,125,0x2690000e40f746dad3157f95848cecbe5857dd5b,0xaaf4acafbb7980ce93631d238eb10a5c4ca67883,442387,9028,0,8999991
15991766,0x4eb01b127c4cc6ffb65a4ae7ee460f7b9602cf84dcd8c394a5923f37f2edb0b3,127,0xeece486cb81a7e2aa231e76dc7b7972a1b81e98c,0x932e564acc849074725204b8925ecdd41ec06903,796035,16245,1,1026998643
15991890,0x87c859cb7703b2e20853eb214adc83257b6b144658a8708bb35489845fbb0fe1,362,0x16d56545ac8b949cc2a90c5540682174fae9bbfd,0x932e564acc849074725204b8925ecdd41ec06903,20989453,428356,1,100000000
15991963,0xe6634699f4c6ee497a8273278488741fed3d41ac2d673283841da789009d1d91,134,0x9036e8c496dae179d844dd007bcb65c2f01fb811,0xd49c4579bbc25d1d1a26a1976c9576d806c98150,27514540,22029,0,521602204
15992171,0x8c9e62ffc3a1d088ca9a240cfe14db0828eb1c97f127c7294879df7a13d77bb5,238,0x9036e8c496dae179d844dd007bcb65c2f01fb811,0xd49c4579bbc25d1d1a26a1976c9576d806c98150,114011350,91282,0,2242638789
15992213,0x0213b7eac646820cddd90a6c2c201a1448dad0cb3a2c233ca0e6c04d94dc46c1,309,0x9036e8c496dae179d844dd007bcb65c2f01fb811,0xd49c4579bbc25d1d1a26a1976c9576d806c98150,66055354,52886,0,1309006377
15992218,0xf5a696fbc8cbe70c7dbaf97d2468980a822612f29b296ac7d9b358d7d151a237,486,0x9036e8c496dae179d844dd007bcb65c2f01fb811,0xd49c4579bbc25d1d1a26a1976c9576d806c98150,168862280,135197,0,3379079611
15992422,0xf848acae14d79b755a4a8f6a0db4bc1e1c2c47a040f9617b89f4ea44d82bd424,666,0xcb513d589d3e3b463788fb2b764b7d5cd3aaaf3d,0x17d52f570a5ffbe528270700aee3634bc23396db,6243862,3123,0,49999999
15992475,0x3205d24c11686b6a8afb6768e87f5c2debe2e5479ece28c06df1e965adccbe53,182,0x907a2cf154e58c78433a46fc8b897fdcad230ea7,0x1d330b1a2d9b29937121c912f39b45952ae891ad,6678831,136302,0,389654174
15992861,0x66fb3f7b69dfac29c6221e5832832266e7dd60fae85af6baf36671bd9da3aa5f,194,0x9036e8c496dae179d844dd007bcb65c2f01fb811,0xb5fc4d5388952dc7a798fe784fe659f9a20e5ca4,99538168,79694,0,1961411354
15992866,0x2333161af4203235f1c756e82b0a9c564905b8e81f801488301777f55bdf869a,289,0x2805113522e4b70c38da73afc52f24e00ce5adf3,0xe834edad3c89e41243c796d37f262541d65f6da5,90762165,1852289,1,256654955
15993005,0x2941eee8547cc1bfacaf9c3724aa14e1be74d2fa8296b893514f5228e568b075,155,0x9036e8c496dae179d844dd007bcb65c2f01fb811,0xb5fc4d5388952dc7a798fe784fe659f9a20e5ca4,98726863,79044,0,1961411894
15993011,0x61da6551d65c9ff635376aa7efbc038ce649bd011d25008b30b8b04dac720ad6,211,0xb4bb481aa3e7925384619180b71bbc482420c9f3,0xb5fc4d5388952dc7a798fe784fe659f9a20e5ca4,33974,693,1,999966
15993072,0xfaa7869bff16f1d358e23d3c0669ac1e2fef5c9c25c2b2cf568a5f42a0c1f22b,295,0x9036e8c496dae179d844dd007bcb65c2f01fb811,0xb5fc4d5388952dc7a798fe784fe659f9a20e5ca4,97924918,78402,0,1961412429
15993151,0x0a4f732475d4b8bc2f3dc3eaccccf7a46d4a147bc345ee7ee7e940b470a0fbd9,593,0x2690000e40f746dad3157f95848cecbe5857dd5b,0xaaf4acafbb7980ce93631d238eb10a5c4ca67883,54609533,1114480,0,1048000000
15993188,0x35ee42f621e049303377bcf555317bbc416f0fd41faa8b728e1ec586fc8b7a0b,252,0x9036e8c496dae179d844dd007bcb65c2f01fb811,0x932e564acc849074725204b8925ecdd41ec06903,99035198,79291,0,1999999989
15993209,0xb362463951c992d5401e7c897e1e4b806c9ee97ddad3f760efa192222a495f60,275,0x2690000e40f746dad3157f95848cecbe5857dd5b,0xaaf4acafbb7980ce93631d238eb10a5c4ca67883,53956513,1101153,0,1060999985
15993215,0x4253e3b8105fb31720cd886865e60d3b6ae52e8af930ac5fe94a4c53cdf84194,185,0x9036e8c496dae179d844dd007bcb65c2f01fb811,0xb5fc4d5388952dc7a798fe784fe659f9a20e5ca4,96413665,77192,0,1961413455
15993234,0xb52e4591dec13441b270712acd05149ed8031588cbd88a31b33dbf20265f8422,350,0x2690000e40f746dad3157f95848cecbe5857dd5b,0xaaf4acafbb7980ce93631d238eb10a5c4ca67883,32159909,656324,0,644999977
15993254,0xc2c853009264061dee0f6b56991cb3220138cf3fa66b6214fa03f55b245a2b80,216,0x4a740a0d4bdd77060765b972423d04fc8eee6100,0xaaf4acafbb7980ce93631d238eb10a5c4ca67883,34690593,707971,0,1691899966
15993263,0xc938d1c23289b497cd1919f9d9d104e09a471a70c259afbea873c407d4c312fd,265,0xcb513d589d3e3b463788fb2b764b7d5cd3aaaf3d,0x29f638b0d084a7a54200dcb0ee5ffdcd12b9906b,7648345,3826,0,70000003
15993272,0x6962c4f195d6e56c2ae5129934b8db0af7582825dfbd51e7b198a676fc4342ba,216,0xcb513d589d3e3b463788fb2b764b7d5cd3aaaf3d,0x29f638b0d084a7a54200dcb0ee5ffdcd12b9906b,2940200,1470,0,29999989
15993289,0x536c724ad997d43c04790e8ccca42e5e01285695c431ef683280348b70861f94,259,0x9036e8c496dae179d844dd007bcb65c2f01fb811,0xb5fc4d5388952dc7a798fe784fe659f9a20e5ca4,95638257,76571,0,1961413984
15993290,0x5e2b6cad5fa253d81ff8ebbd57287f730744100d7cbeb7364a994b77e6d20752,274,0x4a740a0d4bdd77060765b972423d04fc8eee6100,0xaaf4acafbb7980ce93631d238eb10a5c4ca67883,33704306,687842,0,1733129944
15993319,0xc7fffda0c0fc2005c32babe466ed5e76495e4fe86e123dfa187459ef99a9cecf,416,0x9036e8c496dae179d844dd007bcb65c2f01fb811,0x29f638b0d084a7a54200dcb0ee5ffdcd12b9906b,382231080,306029,0,7999999983
15993327,0x807383175c999b27b87dc14b7ea1c9994b5d0a311afa81af7805093e278dbcec,197,0x51b93cc1b34a17efb9db0727d71b960c55891b48,0x5782544b5f3fb59e306bd210f132d464d057fc36,22364640,456421,0,89825666
15993376,0xa9d711dfd6b8c06dd6ab43ba8fbc98a977bfd9626f91272b3542990a7a35952d,380,0x9036e8c496dae179d844dd007bcb65c2f01fb811,0xb5fc4d5388952dc7a798fe784fe659f9a20e5ca4,91834099,73526,0,1961416665
15993437,0x079fdf01a866f7647ecd4aa89a7ac54930b046e6d549829950dd94c2ce906643,158,0x9036e8c496dae179d844dd007bcb65c2f01fb811,0xb5fc4d5388952dc7a798fe784fe659f9a20e5ca4,90118961,72152,0,1961417887
15993586,0x107d80deebf03ea50acff2d15be4db0bfb459d1e16e36e01e931d5f695896a59,23,0x9036e8c496dae179d844dd007bcb65c2f01fb811,0xb5fc4d5388952dc7a798fe784fe659f9a20e5ca4,89414583,71588,0,1961418393
15993615,0xf28fe3afc6c7175bbce79c0f8a072fd24e2372a7e0f7abbc127b5459342c4886,271,0x9036e8c496dae179d844dd007bcb65c2f01fb811,0xb5fc4d5388952dc7a798fe784fe659f9a20e5ca4,88718042,71031,0,1961418911
15993868,0xd49cda2b0afe12f89415a3cd3ac8c8fd8b3de77f74029f06297b37f3b6c2ed47,32,0xcb513d589d3e3b463788fb2b764b7d5cd3aaaf3d,0x7a01bdcb19254cebce340f514d363b21fdbfb975,102445317,51248,1,115201484
15993937,0x321c2ee4853019ac968bf4f401904d882c258f0890e34a5408679243a4fc61a6,668,0x2690000e40f746dad3157f95848cecbe5857dd5b,0xaaf4acafbb7980ce93631d238eb10a5c4ca67883,77895282,1589699,0,1489999996
15993965,0x1afa3abe5d28856e02f0901871be10f5f897929d3bb00ffa6c94fb78c19a7c5b,283,0xcb513d589d3e3b463788fb2b764b7d5cd3aaaf3d,0x29f638b0d084a7a54200dcb0ee5ffdcd12b9906b,8625670,4314,0,74999993
15994108,0xb6b3fda29129220b09e3b64ee3e701f1d4ad192eebf14b62dd1888d266f927d4,62,0x2690000e40f746dad3157f95848cecbe5857dd5b,0xaaf4acafbb7980ce93631d238eb10a5c4ca67883,43252922,882712,0,850999986
15994138,0x995be1fd33343e4b4238ee16ee2eb8b78fe67ba3ad80266a6a46e6461bcfb903,294,0x2690000e40f746dad3157f95848cecbe5857dd5b,0xaaf4acafbb7980ce93631d238eb10a5c4ca67883,21520917,439202,0,429999995
15994385,0x0ea72a09447cd58a627b12e3c1b4a34d434af1826a310713919fed0051fd054e,442,0x7b4686a753e0e5a4e38957b9763a0e44d64f91d2,0x687349b551df31c4a330bbaf1519458cb521d9e5,61786648,1260952,0,250072773
15995311,0xf4add03a3b79d5d43e09efda93b9e1094e468617d96ad1b9600359058865db27,75,0x4568e4dc02ab786893f3f97c16e31faa836c8958,0x44e960934b5c09aa544d178ff653e0a41ff902e4,131413526,2681908,0,299999998
15995440,0x7a20296fd9e976ec3fd7023e0900ae008adc6d453544adfd8d88838661a0f3c2,515,0x11eb79c7a18259bfce838021bc49a005974f06bf,0x6c9264336622411ea73283e7624bb2a6e00b1322,16239491,331418,1,299999999
15995508,0x58817248cc23ffc44e438a96f13764723f403cd38447904f4f4febd3b364608f,277,0x392845b73fe8975cb2bdf9cf09af0811fc6ee9e4,0x6b5510f8c0251a7131c7eda5091908f0eec9c60f,1073396,21906,1,1657256
15995508,0x8dc1cd08459ebe44d66846aa6ad6d28e400e9b27411a062239b12090b7345141,723,0xb4bb481aa3e7925384619180b71bbc482420c9f3,0x7789806c754eb0af4c3abeb026c218b4ba78f823,3397,69,1,99979
15995674,0xd11852dda5b6fb2eaa7d64de1b6d0be343be24e551e61f027d963c974d82275b,761,0xcb513d589d3e3b463788fb2b764b7d5cd3aaaf3d,0x29f638b0d084a7a54200dcb0ee5ffdcd12b9906b,8316245,4160,0,99999994
15995678,0x6b42a9fcbdaa69a2c592a8b130399f37683181f32adc7fcce346a7a7f820781e,7,0xcb513d589d3e3b463788fb2b764b7d5cd3aaaf3d,0x7a01bdcb19254cebce340f514d363b21fdbfb975,152118983,76097,1,167142155
15995749,0x0a653edcf51242505270f4a27df491e71e390303195a5c8c1950b4ca64bf44b6,102,0x11eb79c7a18259bfce838021bc49a005974f06bf,0x5934f2b087df19b588623979182be5b28efa4cc0,4950786,101036,1,99999983
15995759,0x2ca6cf3ba4dae662e920ebd2a6fe6b34cfd22302f3d8876da8bc8b9a6e452cf2,488,0x2690000e40f746dad3157f95848cecbe5857dd5b,0xaaf4acafbb7980ce93631d238eb10a5c4ca67883,87013221,1775780,0,1671000007
15995789,0xf4595c0944496f8f27f5f9e407dacefd5de677cfa4fe95392e94da589cde5f52,486,0x4568e4dc02ab786893f3f97c16e31faa836c8958,0xeb914a1ccf7475232fa078f8121e9c8d2c4a4002,567108014,11573632,0,1362999998
15995805,0xb9f1d464b4e14ed8671c05232cbc62200b60b6e102a0aed5005c1a19c6be99b8,393,0x2690000e40f746dad3157f95848cecbe5857dd5b,0xaaf4acafbb7980ce93631d238eb10a5c4ca67883,32601792,665342,0,634999985
15995848,0xf945646f5bce0de6f2ea15d7df17a8eec3b81230b04bed9f5b3484ca798daf4d,281,0xcb513d589d3e3b463788fb2b764b7d5cd3aaaf3d,0x29f638b0d084a7a54200dcb0ee5ffdcd12b9906b,9789025,4896,0,99999985
15995851,0x158d64f502f49c44858fef05bdd381abc9a0b064fff5dabbc294b2892e0afdd7,25,0xcb513d589d3e3b463788fb2b764b7d5cd3aaaf3d,0x7a01bdcb19254cebce340f514d363b21fdbfb975,121646489,60853,1,135357216
15995877,0x911be12172dd3aa67b4f285da3502164c09c4ead1092fa0f0ddb53c7b276beb6,279,0x656db0178f9bcb3f94864799950fb7e2d550e89b,0xcc2d99a9fbd62e7a703f995faaa8b2b377a78e94,1312230,26780,0,49999973
15995967,0xb96e9254820cbb73101ec91f8ab6d9c5d8677398a86a97f4e725043c85d0fe7b,334,0x2690000e40f746dad3157f95848cecbe5857dd5b,0xaaf4acafbb7980ce93631d238eb10a5c4ca67883,35873715,732116,0,709999982
15995969,0x15a7127f1ca18f87d86979627bc950a2208b1c1492339c9c9300c96b4ce00335,719,0x517b5b9eeae89eb11c372ab2a39fe53ab68d22d4,0x37ed804f6e56ab691ad6c77d78dca41a505e13e4,101952011,2080653,1,910490095
15996021,0xd833aeb3b05695ce72f512c69d5e4bcc4f11179d61630c78d5ce1ceb430b54a6,133,0x514e63f5cc8a03d4afcef8c67770ec733409171d,0xbb90ad2434c27716e987f6318df47285c6ddffbe,142662539,2911480,0,1000000001
15996021,0xe3814753171b38ba6c5446bf338f17d5dec675512b83880f6ac6797c933697ad,143,0x4568e4dc02ab786893f3f97c16e31faa836c8958,0xe46503c255c0354d6474db294837badbf149080e,79147087,1615246,0,199999999
15996031,0x2975efbc2f068008536b2e850279c439653effad216cdae0a4bfe0138aae90b5,132,0x4568e4dc02ab786893f3f97c16e31faa836c8958,0xe46503c255c0354d6474db294837badbf149080e,78123722,1594361,0,199999998
15996038,0x97b5b9753f50fd8096c4c0fbe4114f14e8a1cf2c5e52a56021e12dcf47026eba,710,0x4568e4dc02ab786893f3f97c16e31faa836c8958,0xe46503c255c0354d6474db294837badbf149080e,38680193,789391,0,99999998
15996125,0x70c1809ac9bc82972579725b9435c6d47c58918e3bfdc42947b43fa72e4e04be,337,0xcfd769748c878469f474803ddc7062f0841d1036,0x5934f2b087df19b588623979182be5b28efa4cc0,22919366,11465,1,56885711
15996146,0x9ac53db82b7d1c8e5e6fc781a3f34650affa4d2cfe577ccb4481628fd5972088,314,0x2805113522e4b70c38da73afc52f24e00ce5adf3,0xeb914a1ccf7475232fa078f8121e9c8d2c4a4002,78060309,1593067,0,122999999
15996149,0xa0a0cb4f8fcdf516a3b762a6ba43eefcac398288e357fca3887c46b7ad32f84b,460,0x2805113522e4b70c38da73afc52f24e00ce5adf3,0x5edae95bc63178c2654e20f9ec00d9ad1df471cc,94946887,1937691,0,153764471
15996171,0xe598b1a430ab74013a6481bbf632e3be95e1142ab1c70643c1f96ecf1215d08b,275,0x4568e4dc02ab786893f3f97c16e31faa836c8958,0xeb914a1ccf7475232fa078f8121e9c8d2c4a4002,684167,13962,0,1764898
15996213,0x8310ffecced39846c1b3eb12557a5481fc9326569c151fb6f4f6e091df5cb707,237,0xa7ea8f3508b04505f3ce719ba290af03cbdd4cc1,0xf6129c47f5ef4cab25f3aa67b5e3aaac77b15700,27127902,553630,0,99999998
15996292,0x97a22386e29b00f32896d5233001156e6f9c91d96fc9c18505176338842fd88d,287,0x514e63f5cc8a03d4afcef8c67770ec733409171d,0xbb90ad2434c27716e987f6318df47285c6ddffbe,141853928,2894978,0,1000000003
15996336,0xe31b0778b10e8e0b8e852768fda93239f8aeabdad29480c52d092e5014e9dfcc,161,0x2ad1254257d84b426688baf96941eab62af3d003,0xf6129c47f5ef4cab25f3aa67b5e3aaac77b15700,664499,13561,0,77999976
15996404,0x02a8e12aa07a141f2983c6efd165d74f11c742dd3a0961fc4b489b542c3ae60b,116,0x514e63f5cc8a03d4afcef8c67770ec733409171d,0xd49c4579bbc25d1d1a26a1976c9576d806c98150,141051019,2878592,0,999999993
15996467,0x93f67911a16983c25f10ed7cfb96befecc0e4a41a9ad47c6a05ff864f47d5b5e,85,0x514e63f5cc8a03d4afcef8c67770ec733409171d,0xd49c4579bbc25d1d1a26a1976c9576d806c98150,140253774,2862321,0,999999988
15996490,0x61fc79ff5c5157207a1d8446152d5ae20f0c7289f62e2036b363e41c75b59892,121,0x9036e8c496dae179d844dd007bcb65c2f01fb811,0xf6129c47f5ef4cab25f3aa67b5e3aaac77b15700,8842058,7079,0,199999986
15996503,0x3cca01969f845a6f13bc7487f50a46a60051063382aec50467d8e1f7261ccc3a,126,0xa8b030aece20f8254da182e3a45e73a0934a04f6,0xd49c4579bbc25d1d1a26a1976c9576d806c98150,46454613,46501,0,980931772
15996588,0x9b6d0dc517085b287aabddb0580d0b369e841babf6b53114d190ad5a13c375a7,159,0xa8b030aece20f8254da182e3a45e73a0934a04f6,0x2623c431bcac6985fddd09ebbad1b603a94d0ab1,4713930849,4718649,1,4956080358
15996609,0x4615e0a988e4e099f4a88661df561af201e5fd6c0012cefa5980df621bbb4afe,77,0xa8b030aece20f8254da182e3a45e73a0934a04f6,0xd49c4579bbc25d1d1a26a1976c9576d806c98150,33235902,33269,0,686662344
15996638,0xaa5778de3f1140d3ad83ac88db11a13667d2947f6d55d23667d67619b5a52845,684,0x9036e8c496dae179d844dd007bcb65c2f01fb811,0xbb90ad2434c27716e987f6318df47285c6ddffbe,21867935,17508,0,499999990
15997024,0x09087231261121fbb291e5819c0b3d8a6e7e455eb27a83d66eba75363844d3c8,272,0xa8b030aece20f8254da182e3a45e73a0934a04f6,0xb5fc4d5388952dc7a798fe784fe659f9a20e5ca4,46681010,46727,0,980931638
15997589,0x9f0d5944022f326cdfe08658ae5d0c7470f7a0f8d950020176df2de56f922af3,36,0x392845b73fe8975cb2bdf9cf09af0811fc6ee9e4,0x4627f92f71d1b997abe7f736fa15b73fd5516288,10237925,208937,0,49703034
15997647,0x44649efabfddbad2ec389325a93f419e2a19c3640a6fa8d9916944595626fea8,575,0x4118072ea93496b4e09fca65c85bb4d0ca5ec4f4,0x6b5510f8c0251a7131c7eda5091908f0eec9c60f,1668682,34054,1,8508354
15997677,0xcc834b32c9e6bfe96e391a4207b1e4489aa902fa7498505fa171c1cf5cc405eb,183,0xa8b030aece20f8254da182e3a45e73a0934a04f6,0xb5fc4d5388952dc7a798fe784fe659f9a20e5ca4,49041649,49090,0,980930603
15997701,0x213c9eef6529312513c92f5a046af7bb29486ee08d52ae2e7596b81c2d679188,43,0x392845b73fe8975cb2bdf9cf09af0811fc6ee9e4,0x4627f92f71d1b997abe7f736fa15b73fd5516288,3266523,66663,0,19892742
15997766,0x84938c5802c306753ccdf8857ba184a0f1bf91cc5f3d122938f9f0a3f62c3aa7,464,0x9036e8c496dae179d844dd007bcb65c2f01fb811,0xf6129c47f5ef4cab25f3aa67b5e3aaac77b15700,65004773,52045,0,1493723205
15997803,0x66cb0dbeaab15f1ad96379dc61045f4c1338ea0f8bf31347327c4ed42591300b,30,0x9036e8c496dae179d844dd007bcb65c2f01fb811,0x7a01bdcb19254cebce340f514d363b21fdbfb975,390978894,313033,0,9152084676
15997869,0x9c52e4a805025251b94a4faacc4c2f210ac13b895f4a8f45412adfa07af0d4b2,37,0x9036e8c496dae179d844dd007bcb65c2f01fb811,0x44e960934b5c09aa544d178ff653e0a41ff902e4,400459500,320624,0,9804607139
15997919,0xc7299d06c56e24deb2a4747df6723d1916bef798caee1a27ebe2b21f89e8bee3,125,0x392845b73fe8975cb2bdf9cf09af0811fc6ee9e4,0x4627f92f71d1b997abe7f736fa15b73fd5516288,5,0,0,88
15998131,0x7fb2480186f2e347139bc179654274f734f463455513d6f04fe9260281310728,33,0x9036e8c496dae179d844dd007bcb65c2f01fb811,0x7a01bdcb19254cebce340f514d363b21fdbfb975,33378179,26723,0,832156641
15998498,0xe97a822b2467493bccd2addc041aab0657e1fe06aab1d5959bd1a64ecb65d9ed,104,0x9036e8c496dae179d844dd007bcb65c2f01fb811,0x7a01bdcb19254cebce340f514d363b21fdbfb975,3257865612,2608379,1,3397450841
15998731,0x293ef4989d53e37b87ade3bc1837cc0035bb40a78a2cb1b960ce56853a601814,69,0x392845b73fe8975cb2bdf9cf09af0811fc6ee9e4,0x4627f92f71d1b997abe7f736fa15b73fd5516288,1314389,26824,0,24867504
15998733,0x44af52b02e58b94f724eb64880729591a0f86fb60192341319e7ab119260b506,388,0xcb513d589d3e3b463788fb2b764b7d5cd3aaaf3d,0x29f638b0d084a7a54200dcb0ee5ffdcd12b9906b,5314117,2658,0,49999996
15998736,0x47f89534087fea0289a84f19723a0c950267e805fd028b2ffd70425757a1b1cc,322,0x392845b73fe8975cb2bdf9cf09af0811fc6ee9e4,0x425045c67aa2f602a0003dc29d6375628e839088,8399366,171415,0,187600530
15998750,0x4f353b081409ee401b012682957d2d531ecd2a7aa44bf57ade3de6cdc7dd987b,82,0x392845b73fe8975cb2bdf9cf09af0811fc6ee9e4,0x4627f92f71d1b997abe7f736fa15b73fd5516288,980864,20017,0,24873040
15998791,0xcc63716d96cf82b62562e5449d5dcefafb89912cf671e0c9b34d3c88cdb8a6e5,469,0x514e63f5cc8a03d4afcef8c67770ec733409171d,0xcca48ee914d00db2779e8a6d3b6bfa647fb41f0e,21411148,436962,1,25439501
15998792,0xa1ebafeb4b112ad4e2000b3d326f9f1543bfc51f44238a24e4a42cdb727c8c90,399,0x2690000e40f746dad3157f95848cecbe5857dd5b,0xaaf4acafbb7980ce93631d238eb10a5c4ca67883,43305210,883779,0,857249892
15998851,0x0e163464a47f93f5e3d5785b351edf16e9d9fd4134776f2526f84856f342c744,321,0x9036e8c496dae179d844dd007bcb65c2f01fb811,0x6c3aae17140c5e3cde62380daaa323e38575c459,81704889,65416,0,1987585063
15999138,0xc84cc90d1e4c8c3b9dc8877e73248cfbf9fd830d6e05edd560b4f03d539c5aa7,187,0x392845b73fe8975cb2bdf9cf09af0811fc6ee9e4,0x932e564acc849074725204b8925ecdd41ec06903,13944373,284579,0,450662063
15999154,0x430dfd640e82e106ab35435f24625ce48d2736693ae968adbe4893c7fab9e5a7,330,0x9036e8c496dae179d844dd007bcb65c2f01fb811,0x6c3aae17140c5e3cde62380daaa323e38575c459,415594749,332741,0,9999999987
15999195,0x6411048e1e705c263753a8cc14d20ed832f7bf7cd10d3b338689eb0916d4e7a5,154,0x656db0178f9bcb3f94864799950fb7e2d550e89b,0xf6129c47f5ef4cab25f3aa67b5e3aaac77b15700,5138604,104869,0,199999976
15999203,0xe75ff86a6edc4f0dacf26714bf74b9a0bb2df3822e32d2588923b29782dc87ce,260,0x2805113522e4b70c38da73afc52f24e00ce5adf3,0x932e564acc849074725204b8925ecdd41ec06903,18452895,376589,1,49999999
15999291,0x52abd24b7d0e28e2f33ee60f6f80f8b572d3145618037cbf6a67dfe49593d883,312,0x392845b73fe8975cb2bdf9cf09af0811fc6ee9e4,0x52b778f39b2f97aa3f826dc53e7ac48a10535bf9,10891490,222275,0,1453339129
15999321,0x825a7eb5071aaefb0009bb78331fdc2cda3030d3e5461e0d91bddb146dd447c0,560,0xb4bb481aa3e7925384619180b71bbc482420c9f3,0x346e6264495004ff771285fdbf7f59c28cabb0ed,34994311,714169,1,1055377879
15999333,0x70cf23690e9b9b60d4bb78cbb0f76820aab75d94e7b6353c67a1ed00522032fe,212,0x9036e8c496dae179d844dd007bcb65c2f01fb811,0x807a2d05e30d6bfb643a415437d4938c7d3e1d70,7985438,6393,0,186792148
15999345,0x3395b4a92bce109f867405a36fa4e866cf5e8566ef5f2320dee254b635d944c3,461,0x9036e8c496dae179d844dd007bcb65c2f01fb811,0x807a2d05e30d6bfb643a415437d4938c7d3e1d70,72945,58,0,1706916
15999480,0xf627049d749e78dcdac48c6622086d6114f6147c66ae70b4321c1c11197962d1,193,0x514e63f5cc8a03d4afcef8c67770ec733409171d,0x7789806c754eb0af4c3abeb026c218b4ba78f823,69090717,1410014,0,499999994
15999492,0xcb9455268697e1d049a44e66acb23a9ea8dcb38897a745cdf7252118cbe0da97,229,0x514e63f5cc8a03d4afcef8c67770ec733409171d,0x4f70929ba287ac85dc2431c85382ccd9e6b0d185,680316940,13884019,0,5000000000
15999552,0x3673d03baf00c2460f19830f250865ed13f21d7ac69bb7366c728ca7dd66af5b,22,0x514e63f5cc8a03d4afcef8c67770ec733409171d,0x44e960934b5c09aa544d178ff653e0a41ff902e4,399151501,8145949,0,2999999999
15999563,0x2dda9d49b9c7f96579127f0e389b8ad30480914ad222e1cf1427806bc1432b08,321,0x514e63f5cc8a03d4afcef8c67770ec733409171d,0x4f70929ba287ac85dc2431c85382ccd9e6b0d185,1283526874,26194426,0,10000000000
15999574,0x671d64e40dc3f89597cb6c963a6575820eadd144a83ddc3481cb5e809d5481a2,107,0x514e63f5cc8a03d4afcef8c67770ec733409171d,0x4cc3522b689a6bf1fb4a2444c523e7776db47552,208286862,4250752,0,1676077332
15999588,0xbdb18685c9b5a155dca60d6d1a26699385b46682782b5d47f1a3da0153cfdf4d,168,0xb4bb481aa3e7925384619180b71bbc482420c9f3,0x346e6264495004ff771285fdbf7f59c28cabb0ed,10429427,212845,1,324684333
15999592,0x9ea0c05b9c424eb5b3b926288538763be987454cc422f2bc254bdad9ad0293c4,134,0x0516d8d671cf149de8aa4ee1c4d30da4afb4e0db,0x6b5510f8c0251a7131c7eda5091908f0eec9c60f,3412701,69646,0,7340254
15999714,0x9de86485d5d842405e372260d518f36a843367f5bde0473005d35015e54f83b4,118,0x2690000e40f746dad3157f95848cecbe5857dd5b,0xaaf4acafbb7980ce93631d238eb10a5c4ca67883,77283433,1577212,0,1469999979
15999732,0x382919289a8fab25a31f6a69335fe66af133e75716510e7d0a11f5986e256cf2,240,0x2690000e40f746dad3157f95848cecbe5857dd5b,0xaaf4acafbb7980ce93631d238eb10a5c4ca67883,32542563,664133,0,636999981
15999765,0xbcdc25dcf1c3814011d2443ba7284a0601db33d35512ffa68b855533ef804a20,354,0x2690000e40f746dad3157f95848cecbe5857dd5b,0xaaf4acafbb7980ce93631d238eb10a5c4ca67883,32232285,657801,0,641999995
15999914,0x8983572e9e2e0abaadbe93b40029da8c0b440b7b24633e06757faa4c77ad808d,122,0x9036e8c496dae179d844dd007bcb65c2f01fb811,0x72dfe24820a5aa4037c7f746fd27f433e973387d,8543601,6840,0,199999987
