block_number,tx_hash,log_index,stakeholder,marketId,indexSet,amount
74990193,0x1c9c71e425587cb50a9d42a92cfb872759caa0cee5c93f07dca79aba19278d1e,650,0x5ecde7348ea5100af4360dd7a6e0a3fb1d420787,0xe14500a62f39f74d657364c5d07f6a9affbe2470d24cbb97adb1e15528b74200,1048578,1000017546
74990233,0x33ed7704dbcef098d8ea60af667e273016ae246f15bb9ec791b3fec1a869e0d6,326,0xe3726a1b9c6ba2f06585d1c9e01d00afaedaeb38,0x50096938b79cfb53a22f83ef28dac0360c0578d90ab42f137e35ecb2cafce300,64,200000000
74990259,0xc1755899d51eb0d87df5e328b510d4446b670d596c363cedaca7e0737667ecf7,176,0x5f390e4b7d6f06d6756a6c92afdbf7b3176aa78c,0x50096938b79cfb53a22f83ef28dac0360c0578d90ab42f137e35ecb2cafce300,124,6090000
74990266,0x793de0c9ba9195de3b81356774b4913472af884045657778e89dd884dd6b2412,705,0x2a315a8d15cfde768bcd47ba5cacf3ef5894f2f0,0x50096938b79cfb53a22f83ef28dac0360c0578d90ab42f137e35ecb2cafce300,127,40000000
74990270,0xd992a30e4dce03dfbe65438b6d0766539977cdf91015727fd03081aa26a294f4,359,0xb13d096b2e90411d0e5f42891d2e73ef4cea2e90,0xc0519374f3bab912cf21f8bdf511657c5db230062a3550eebe85f5eb93217700,6,11000000
74990270,0xd992a30e4dce03dfbe65438b6d0766539977cdf91015727fd03081aa26a294f4,368,0xb13d096b2e90411d0e5f42891d2e73ef4cea2e90,0x6a2eeddfe94cdb72bb5b9584604ebab0746242af1cdeff15a4fe1a0dedd9b000,6,127331598
74990270,0xd992a30e4dce03dfbe65438b6d0766539977cdf91015727fd03081aa26a294f4,377,0xb13d096b2e90411d0e5f42891d2e73ef4cea2e90,0x45927068fb8871457cfd4eb65eed17f36a933f32350e41fe752f28143d52a500,6,4290977
74990270,0xd992a30e4dce03dfbe65438b6d0766539977cdf91015727fd03081aa26a294f4,386,0xb13d096b2e90411d0e5f42891d2e73ef4cea2e90,0x3851180574abf8fd3cbd2daa0528575a689924eb185a0444a57137c801d86d00,6,4000000
74990270,0xd992a30e4dce03dfbe65438b6d0766539977cdf91015727fd03081aa26a294f4,395,0xb13d096b2e90411d0e5f42891d2e73ef4cea2e90,0x23d904292eda12e1af549f115530f20357d055c43b1f349e669efe43d3c3e300,6,3703702
74990341,0xd0e4ce9e60e0a8408833000edb2306cdd2d5a18b198d8a67e1d1919732584a53,489,0x7740253843b20007a4c99c3766878351002acbcd,0x50096938b79cfb53a22f83ef28dac0360c0578d90ab42f137e35ecb2cafce300,88,8000000
74990366,0xb9d66fefdc3794fc42ae984ee966b37bc4ea48ad25ea4e18a7655c9ca6b9b20d,1071,0x2a315a8d15cfde768bcd47ba5cacf3ef5894f2f0,0x11e9a09023ace3097de216497c6fc01a57a57d63df7370543f288b40251dda00,1073741823,10000000
74990704,0xe46bef6bcff8d29cf4242d6c451d31790089808c14fbaf5ff134db60fb20bf66,786,0xcd91a549956854fdc38efad7e80ff5da8f5432b8,0xe156e2bf5ed9660225915ea33eb3720a8e4d0519408701509500eb8efe16a300,130559,51000000
74990716,0x6516a8a27cec0554d29d56481ed4681c160c1552e1864232fd90dc253caa8394,375,0xcd91a549956854fdc38efad7e80ff5da8f5432b8,0x40a82019d6137f329d0c0c994a3588b6439e98a1b4ff69ba9c9b1a83db2b9000,15,8690000
74990741,0xf9484afff5ff3b30e85baf20ce172d25fed9383c844e347e04369c6b6e2ecf58,371,0x7740253843b20007a4c99c3766878351002acbcd,0x50096938b79cfb53a22f83ef28dac0360c0578d90ab42f137e35ecb2cafce300,72,16000000
74990810,0x74ba550abdeeea69bb348cfffbd2ed0548bf65557b364bf49f8df8cbeac95d8c,397,0xb976d74f29b41abd6ed443aea544f397a3bf484f,0xd2c3fa51f46c7bc9c3c9d6af3228a025d384ebebfa7080d62c425ea885d01600,262144,587000000
74990825,0xdd8a4f07f6b47451dc6734eb81c58acdf23d8db807081d409087306cde731fb5,457,0xb13d096b2e90411d0e5f42891d2e73ef4cea2e90,0x23d904292eda12e1af549f115530f20357d055c43b1f349e669efe43d3c3e300,6,74074073
74990825,0xdd8a4f07f6b47451dc6734eb81c58acdf23d8db807081d409087306cde731fb5,466,0xb13d096b2e90411d0e5f42891d2e73ef4cea2e90,0x6a2eeddfe94cdb72bb5b9584604ebab0746242af1cdeff15a4fe1a0dedd9b000,6,82668402
74990825,0xdd8a4f07f6b47451dc6734eb81c58acdf23d8db807081d409087306cde731fb5,475,0xb13d096b2e90411d0e5f42891d2e73ef4cea2e90,0xc0519374f3bab912cf21f8bdf511657c5db230062a3550eebe85f5eb93217700,6,53000000
74990825,0xdd8a4f07f6b47451dc6734eb81c58acdf23d8db807081d409087306cde731fb5,484,0xb13d096b2e90411d0e5f42891d2e73ef4cea2e90,0x45927068fb8871457cfd4eb65eed17f36a933f32350e41fe752f28143d52a500,6,77130000
74990825,0xdd8a4f07f6b47451dc6734eb81c58acdf23d8db807081d409087306cde731fb5,493,0xb13d096b2e90411d0e5f42891d2e73ef4cea2e90,0x3851180574abf8fd3cbd2daa0528575a689924eb185a0444a57137c801d86d00,6,50997658
74991108,0xda5a41f01775b0aea1c3ccfe33f3cb4018c76bd2c277c9aaf9c70ed06ffff390,515,0x6a72dfe9e6c4cdb3c7ce3bc2b20a67788c66f81d,0x07a6d1e91364e2625ad1f12fe8360e2cb3dcc995cddc7f277e6622cd804e5c00,223,100000000
74991148,0x32224d3040e50f0ec7c707d22a0dcd495add0d568b5072f0d9b108786d59e6df,708,0x7740253843b20007a4c99c3766878351002acbcd,0x51a3b9f29275310adfa309e776ed7a398ac0e5f05d02a3f42fd1e5fe6043e000,72,113464829
74991349,0x8e019e29d3741478e71f1b4ccf28b756bc65ca601e35a832c343ca0dc6b0c5f6,594,0x8e9eedf20dfa70956d49f608a205e402d9df38e4,0x07a6d1e91364e2625ad1f12fe8360e2cb3dcc995cddc7f277e6622cd804e5c00,64,100835240
74991357,0xcc453f55e02b4934fe68f7fd40c3547fb5b31333259aabf9b8ead1aa0c4af893,627,0xcd91a549956854fdc38efad7e80ff5da8f5432b8,0x07a6d1e91364e2625ad1f12fe8360e2cb3dcc995cddc7f277e6622cd804e5c00,31,69000000
74991367,0xb2c3419a8841df6fc99d221295f0a0513e53508c2bfce8333790a70fd11c865b,494,0xd218e474776403a330142299f7796e8ba32eb5c9,0x07a6d1e91364e2625ad1f12fe8360e2cb3dcc995cddc7f277e6622cd804e5c00,91,600000000
74991370,0x6b564bf3ac82101e31d93016c4a5979c2e74ac157dbfbd60aea59aa7d0cf3f21,419,0x6a72dfe9e6c4cdb3c7ce3bc2b20a67788c66f81d,0x07a6d1e91364e2625ad1f12fe8360e2cb3dcc995cddc7f277e6622cd804e5c00,95,50002286
74991371,0xec907862db6531eddf8c9d1bd96ea3dd71c0229a9508d423f4c6e52c1b8339b3,726,0xd218e474776403a330142299f7796e8ba32eb5c9,0xa5e70ee6c9d6afd5f88c1c8281a64d659233bf4588785142e5ae07e1dd970600,15,1400000000
74991374,0xcd0d4dd5b92009fa4e77b74befcf5295f25e2e67352a93110aa5b573f6f4b094,383,0xd218e474776403a330142299f7796e8ba32eb5c9,0x07a6d1e91364e2625ad1f12fe8360e2cb3dcc995cddc7f277e6622cd804e5c00,95,200000000
74991378,0xb20244524076789b7889039dcd2344c27047222dc50a98d7f756d83ada55a04e,419,0xd218e474776403a330142299f7796e8ba32eb5c9,0x07a6d1e91364e2625ad1f12fe8360e2cb3dcc995cddc7f277e6622cd804e5c00,95,700000000
74991383,0xd70e879b8238e4b9c2de1fc5b551c3ba0110ed76bba1f37f83954a4ceb588c0d,373,0xd218e474776403a330142299f7796e8ba32eb5c9,0x07a6d1e91364e2625ad1f12fe8360e2cb3dcc995cddc7f277e6622cd804e5c00,27,100000000
74991459,0x423ea22d1f68c7b35da471c8deeda3d672561a29cdabe7a36af4c470cc306eab,439,0xcd91a549956854fdc38efad7e80ff5da8f5432b8,0xac59a30c1eb00658ffab6102c8053d4bf1ee367fa375e1859b9fffa39279d900,2047,74690000
74991475,0x88c971d7a8eeb14e58f7d222708cf9e6874d5011580546f3c806f07cc3e87d1d,441,0xcd91a549956854fdc38efad7e80ff5da8f5432b8,0xac59a30c1eb00658ffab6102c8053d4bf1ee367fa375e1859b9fffa39279d900,1527,41000000
74991613,0x85f52e421e7803a301e7b8a4d82257008a6edb60ebc3dd38b6bba5c4348b138f,451,0xd218e474776403a330142299f7796e8ba32eb5c9,0x07a6d1e91364e2625ad1f12fe8360e2cb3dcc995cddc7f277e6622cd804e5c00,19,2000000000
74991647,0x4874ff1cde600212890a197c49cf01d03857c85cbe30b8cfc352ec079fd01e7a,567,0xcd91a549956854fdc38efad7e80ff5da8f5432b8,0xac59a30c1eb00658ffab6102c8053d4bf1ee367fa375e1859b9fffa39279d900,2047,18590000
74991661,0xffcff81931e91d3f6cf776399472e74c6edc7fbac1b0840f84fbcdf004f4dac0,430,0xcd91a549956854fdc38efad7e80ff5da8f5432b8,0xdd04589f3f48ac08dc54b5ade17d97ad255ed2850778c961f0cf8cbb5a908600,127,138000000
74991802,0xa19d65d2a714ef622009451e5b33ea35c4229fe44de5084c92514baae67e7d3b,409,0x6a72dfe9e6c4cdb3c7ce3bc2b20a67788c66f81d,0x07a6d1e91364e2625ad1f12fe8360e2cb3dcc995cddc7f277e6622cd804e5c00,95,100000000
74991839,0x919fbbcbacd30d7a92b93db59dbd96efcfde888a3e2dbece5b1edbd35ace8357,322,0xe3726a1b9c6ba2f06585d1c9e01d00afaedaeb38,0x03d055e2576326e84da8eed59751b82dfef17b58893aee73100d69a77f72db00,2,200000000
74991875,0x60c0d33521b8c4ee772b01f0f9dc7a8010e8450ecca5d882f47d963a4e16ee27,454,0x55173bc7f6e52f45ec05fd14fbc6f34e81b6e334,0xe156e2bf5ed9660225915ea33eb3720a8e4d0519408701509500eb8efe16a300,131071,48000000
74991891,0xbefa08970ebc2957d4f647b5646b62fce7a668f43c85b481a9982da33a3c122e,478,0xe3726a1b9c6ba2f06585d1c9e01d00afaedaeb38,0xac59a30c1eb00658ffab6102c8053d4bf1ee367fa375e1859b9fffa39279d900,1024,480000000
74991902,0x90f05cad13ad9c03713f3c01f47079cf12240cd3fa227e0eaf5399bea15289b6,94,0x5f390e4b7d6f06d6756a6c92afdbf7b3176aa78c,0xac59a30c1eb00658ffab6102c8053d4bf1ee367fa375e1859b9fffa39279d900,1509,73810000
74991937,0x85274ca354ca0f006e817711617f78638616b35b480443ae0330f5790b8f340a,330,0x55173bc7f6e52f45ec05fd14fbc6f34e81b6e334,0x11e9a09023ace3097de216497c6fc01a57a57d63df7370543f288b40251dda00,1073741823,72000000
74991955,0xeb97cba8838756558a50c7869dc675ead990bd416c24d1eb9cebdaf4c322a3d6,386,0xb13d096b2e90411d0e5f42891d2e73ef4cea2e90,0xe2f5a8fd77797c65b71222fb71a362c995e4c52d01fd06ac04cec756c2f53300,6,250000000
74991955,0xeb97cba8838756558a50c7869dc675ead990bd416c24d1eb9cebdaf4c322a3d6,395,0xb13d096b2e90411d0e5f42891d2e73ef4cea2e90,0x23d904292eda12e1af549f115530f20357d055c43b1f349e669efe43d3c3e300,6,73000000
74991955,0xeb97cba8838756558a50c7869dc675ead990bd416c24d1eb9cebdaf4c322a3d6,404,0xb13d096b2e90411d0e5f42891d2e73ef4cea2e90,0x6a2eeddfe94cdb72bb5b9584604ebab0746242af1cdeff15a4fe1a0dedd9b000,6,80000000
74992101,0xa8d3b8ec28b9a26342fc437018b0a2754efd767413a74e5603d6af0338d25f82,461,0x55173bc7f6e52f45ec05fd14fbc6f34e81b6e334,0x11e9a09023ace3097de216497c6fc01a57a57d63df7370543f288b40251dda00,50191359,24000000
74992448,0xac53d76dc2de89870d549628b5db808f934584e82cef38c3749ada0bb3959485,798,0x6a72dfe9e6c4cdb3c7ce3bc2b20a67788c66f81d,0x07a6d1e91364e2625ad1f12fe8360e2cb3dcc995cddc7f277e6622cd804e5c00,95,60000000
74992482,0x6c5b36f4ef79f37043f8296b542d5fdffcc19b9a1ffb24e38a576c946366e419,572,0x06ecb7e739f5455922ce57e83284f132c7f0f845,0x1583134e9d1f9149b4f843dd8e69a8ebb324f30c2061a53609975f22513ae300,1,8110000000
74992500,0x0b41c1efbcd503f8a5c5095a2ae70ecc16cfbe9223ca812c863bca32caadf1bc,367,0xcd91a549956854fdc38efad7e80ff5da8f5432b8,0xdd04589f3f48ac08dc54b5ade17d97ad255ed2850778c961f0cf8cbb5a908600,127,15550000
74992711,0x6e8a726adf87ef42bdd97a618ec9d573d33a9ee63c2bda6aa1a41bf8281c0829,412,0x51373c6b56e4a38bf97c301efbff840fc8451556,0x7a02abdd212e54db130ebe5bed436ec233a53f332e6d21a4cb8e7db89c6dbe00,1,93772347
74992750,0x88c03f1f48c571709eeebb268e16c11715c09f6a8506dcef7df23e5ca3d9ca29,131,0x5f390e4b7d6f06d6756a6c92afdbf7b3176aa78c,0xac59a30c1eb00658ffab6102c8053d4bf1ee367fa375e1859b9fffa39279d900,2021,95050000
74992806,0xc8f4e3dc97da4ccaf7095c1b43d424e028bba065a98a71045086a471d1c0d2e8,615,0x04845c9269382949d7ed8e0ec2cf5f5c219ba23e,0xd2c3fa51f46c7bc9c3c9d6af3228a025d384ebebfa7080d62c425ea885d01600,262144,1000000000
74992852,0x94b6fb48ff1e7007d3182e870610bea516122565d38736c27e3500402a7d69b0,264,0xcd91a549956854fdc38efad7e80ff5da8f5432b8,0xac59a30c1eb00658ffab6102c8053d4bf1ee367fa375e1859b9fffa39279d900,2047,83000000
74992915,0xf16c5599f791c84075b3207b5f53625b578f1697ddec590e12c8b2a3bf6d3dc7,759,0x1d8c256b15d3cd1f5db221e70c77f552eb8d757a,0x8a4c9f92403f02c630edddc820246c02eb490a6f0c964ca1d1a23da7f3c10900,31,152020000
74992916,0x552673d4ea93fb60bdafdba66ed2f49c4df6583659b6f487a079ffcf28aa2c37,1220,0x1d8c256b15d3cd1f5db221e70c77f552eb8d757a,0xf97582f8cb131d8b67b30366a55bbb970dfd22a317e38a4af7cfb9cb6532e300,8369599,93970000
74992919,0x49c3fab2d606ca5b7fc189a9f3528a16f3050291c0500ae7981d6931761f56a2,415,0x1d8c256b15d3cd1f5db221e70c77f552eb8d757a,0xc8f80ae8e6e986ec49fb1c7183606ad487f329392b12be77845a7f54d0879200,549755813887,69470000
74992941,0x4ce7ef5f11873767046185d3a63a4aa68f16d7aa634020fc0073dc841b7a7f39,533,0x1d8c256b15d3cd1f5db221e70c77f552eb8d757a,0x9447fbfbd7505235a2799839cad058d3b2e89158a88d79a765b3d259140b5900,15,58980000
74992942,0xfcb3a8352d3aca7b1c41f879637097e8644d96360b9b514bd6bec0cebcbb8697,423,0x1d8c256b15d3cd1f5db221e70c77f552eb8d757a,0xc5ede3bf64df10faf7643d53bab923d6b25735cfa357079079a1e97c79268e00,31,53980000
74992945,0x5e844fa88e1ae697d03fecb15228c451af9a3b3b6d93deddcbc7c69a8c28e5f7,606,0x1d8c256b15d3cd1f5db221e70c77f552eb8d757a,0x7971728ccf4866d610621f7b8af18b78c1649e6f2c28ce2073d54af61be42600,1073741823,39810000
74992946,0x9a57eaeb6212b2f29b06b13cddfbdc81f4cc3c8bc6aa898d01eca967292e5a35,552,0x1d8c256b15d3cd1f5db221e70c77f552eb8d757a,0x9d873a0f1e40eafeaa91d6e64ded055956d66aee91d9a7c3203a28509f876c00,63,34990000
74992950,0xd1df298c2dfe4c1afc71db13f847e0db543c4095ae93263f95acbdb66d8481f9,611,0x1d8c256b15d3cd1f5db221e70c77f552eb8d757a,0x07a6d1e91364e2625ad1f12fe8360e2cb3dcc995cddc7f277e6622cd804e5c00,223,39990000
74992950,0x167b4e52dbd276547ba7e3cf970e1de72b1f29f361fc7da533ef0ab162173a39,656,0x1d8c256b15d3cd1f5db221e70c77f552eb8d757a,0x100c46bb01df8089858dda6cbcb7e3e0a5b846710792e3240996458e44976400,31,39990000
74992984,0x26420a6c1d98faa1b09e6f3b14397a51cb7902361f4dbdc08e3b2ab9b6a00765,524,0x1d8c256b15d3cd1f5db221e70c77f552eb8d757a,0xf8e0f89ac67ba7badc54c6eadba5df2b9483277674dd040d067e92ed20012400,63,39990000
74992985,0xa053ca8938ab5dedf397aa86f403783329fbd5da4bbdad839bac5ffbe1569684,488,0x1d8c256b15d3cd1f5db221e70c77f552eb8d757a,0xf02dd6ae1e8956780d0913a14c75b10e3b0193eddc165dc296c760a380a98500,23,39990000
74992988,0x1501b0ec11ad5b88a393b061b4671e71e8ce359b61b4d386637446e1bb274a5a,639,0x1d8c256b15d3cd1f5db221e70c77f552eb8d757a,0x818119ebb99f0afd13c25b6704ef0e8e78d1fdf051be28f58ae9ef2f51cde200,409343,39990000
74992991,0x195f3385d97726ad544ac1d364af4be09a3f2943582dce77480bd057c00769c1,339,0x1d8c256b15d3cd1f5db221e70c77f552eb8d757a,0x02b6eb3c6258b7c9fd6461d480428febe76e1e31a5bcff4fbecd309bd177b800,7,39990000
74992992,0xb64b0783b349895d46078fa31f377d88c11d02a26c902dbcee70ddd1631eca46,1068,0xcd91a549956854fdc38efad7e80ff5da8f5432b8,0xa5e70ee6c9d6afd5f88c1c8281a64d659233bf4588785142e5ae07e1dd970600,15,152870000
74992999,0x0268c1aa23a8c303ae28984a10b1756fd56afa40163a0d176aedca5f75334ce3,525,0x1d8c256b15d3cd1f5db221e70c77f552eb8d757a,0x11e9a09023ace3097de216497c6fc01a57a57d63df7370543f288b40251dda00,1040187263,17720000
74992999,0x9486f78ecf5f613832ed7420214b3294f125c0682a770d482c0f7fb06b79a8c7,584,0x1d8c256b15d3cd1f5db221e70c77f552eb8d757a,0xdd04589f3f48ac08dc54b5ade17d97ad255ed2850778c961f0cf8cbb5a908600,127,31330000
74993009,0xc179ae2b045de8c12e6a5017dce57f9401531f66cef49e04032771ed767348a1,361,0x6a72dfe9e6c4cdb3c7ce3bc2b20a67788c66f81d,0x07a6d1e91364e2625ad1f12fe8360e2cb3dcc995cddc7f277e6622cd804e5c00,95,200000000
74993019,0xf1edc03ad45079cee79f6380ba0c52f092669c61fc7fa2941a249bafa7f64f20,380,0x1d8c256b15d3cd1f5db221e70c77f552eb8d757a,0x40a82019d6137f329d0c0c994a3588b6439e98a1b4ff69ba9c9b1a83db2b9000,15,38020000
74993023,0xf96e63ee73a34b6ee59cd331c575af455d76446353b2e50e970144ea91b9c3b4,648,0x1d8c256b15d3cd1f5db221e70c77f552eb8d757a,0x0988e77ed51d8e78f5a210eeb5b18cdb04fe71132ebda6d4217229b0a1742a00,127,8830000
74993026,0xea8cfc112feabe79ba95d87bdcc5a849b8ae4f21c962aded50e04a1f79c8665b,598,0x1d8c256b15d3cd1f5db221e70c77f552eb8d757a,0xa69729ae3d9838ec5754e0f74bf57dedd5ddbecd9e31b15a04f48f081168ba00,235,19980000
74993031,0xe6421bdd3c8cfc33f65a8b54d94f5a6146056e7f552eb7735c6c93d841db5f37,370,0x1d8c256b15d3cd1f5db221e70c77f552eb8d757a,0x7224809d383ae72bc56099e3259c59b514fa22f1381de93c939ab11b0ad2f300,63,8390000
74993038,0x8a8c55ca5254266a0dbb90c36df1a3c6d7d2d6ce09b56dac949de746af94f851,613,0x1d8c256b15d3cd1f5db221e70c77f552eb8d757a,0x437bec8e76b0228ad4e561f9d50d6ad1d72ee6c281f24c0df9eacaf01dbaca00,31,12030000
74993121,0xa86d183bbe396b15aed6f291b7dde689b45fa1651385b59a6f6d0cb7b1633122,442,0xe3726a1b9c6ba2f06585d1c9e01d00afaedaeb38,0xc5ede3bf64df10faf7643d53bab923d6b25735cfa357079079a1e97c79268e00,16,647000000
74993375,0x89eee67ae1e1c42c9687782bfc9cf15ca163b555fec46027318d2a41f837f4aa,668,0xcd91a549956854fdc38efad7e80ff5da8f5432b8,0xac59a30c1eb00658ffab6102c8053d4bf1ee367fa375e1859b9fffa39279d900,2047,83000000
74993390,0xd12acb61c37fde40c5073f111c5082e9f3d8132eec5dc90a38bfddbd48dcdb01,452,0xd218e474776403a330142299f7796e8ba32eb5c9,0xac59a30c1eb00658ffab6102c8053d4bf1ee367fa375e1859b9fffa39279d900,2047,400000000
74993392,0x59f6774be078beb35546b17abf55e2d9759494515c811564417b6701078b80fc,1098,0xcd91a549956854fdc38efad7e80ff5da8f5432b8,0xac59a30c1eb00658ffab6102c8053d4bf1ee367fa375e1859b9fffa39279d900,2047,103390000
74993398,0xbd9e325f2a58de71362f332ca6223011b4bf980b75f181eaf6422a50250d6781,980,0x2a315a8d15cfde768bcd47ba5cacf3ef5894f2f0,0x07a6d1e91364e2625ad1f12fe8360e2cb3dcc995cddc7f277e6622cd804e5c00,159,40000000
74993445,0x663d65c2a24bce7020456fbe68ddba889041219ff10851a0b67ba12477fb98c3,836,0xcd91a549956854fdc38efad7e80ff5da8f5432b8,0x40a82019d6137f329d0c0c994a3588b6439e98a1b4ff69ba9c9b1a83db2b9000,11,277000000
74993447,0x5f4ca2cc8043a16f1dacd8e0167ee6723525a8128efa15b40d5af7c84221977e,977,0xb48b9192dc52eed724fa58c66fa8926d06a3648e,0x40a82019d6137f329d0c0c994a3588b6439e98a1b4ff69ba9c9b1a83db2b9000,15,470670000
74993646,0x97220107130944675402b6aa1c8871d793dea3dc1455f3784ebcea3cd2a06ea0,512,0x51373c6b56e4a38bf97c301efbff840fc8451556,0x7a02abdd212e54db130ebe5bed436ec233a53f332e6d21a4cb8e7db89c6dbe00,1,70194386
74993687,0xe98d66b43c6024a85914619f9f9d00c7840856676262b91f1d5bd23a42ea6c7d,514,0xcd91a549956854fdc38efad7e80ff5da8f5432b8,0x89c17860246d75b833836f5ef923d9599ee16932b593bee05a9b175d4c1e5200,4095,37000000
74993709,0xc8f7ca83f068cdf2aa0dfd00ec5deb2e3621d727f97e17d49a0173263db92718,908,0xcd91a549956854fdc38efad7e80ff5da8f5432b8,0xd7cc761f43b15e68a90ea5320496b74bb3cb379e18afe4ebeae0e330df936200,1023,92000000
74993733,0x8dfcdf39efb167a019bd21ff299182d52218f383e8d695b6b1aad0241ffd1341,481,0xcd91a549956854fdc38efad7e80ff5da8f5432b8,0xa5e70ee6c9d6afd5f88c1c8281a64d659233bf4588785142e5ae07e1dd970600,15,277000000
74993756,0x2328c8ac267f33eb8004a0d2bce75ffce0ff3f992370118bea331ff4e03eeea3,445,0xcd91a549956854fdc38efad7e80ff5da8f5432b8,0x85d7c9f6da343d5a539c59944f98ba6876fb01c699e4c788ab8c7454f51d1c00,15,44440000
74993761,0x92374f70745d3c8151551eaae36ff80eb962d7d7cd9c2235dc0a9cac0d66095a,450,0xcd91a549956854fdc38efad7e80ff5da8f5432b8,0xac59a30c1eb00658ffab6102c8053d4bf1ee367fa375e1859b9fffa39279d900,2047,166000000
74993774,0xce59dba25e6540ac37e921d396e44898377b1cfc25bb38ec7494ae23587d7ac2,766,0xcd91a549956854fdc38efad7e80ff5da8f5432b8,0x7224809d383ae72bc56099e3259c59b514fa22f1381de93c939ab11b0ad2f300,63,41000000
74993835,0xbbbf17c83b65d264e42432a05f511e2b652a404055192a2ab8203548af81aab5,1045,0xcd91a549956854fdc38efad7e80ff5da8f5432b8,0x40a82019d6137f329d0c0c994a3588b6439e98a1b4ff69ba9c9b1a83db2b9000,15,150000000
74993869,0xefe3ceae16448f3aaaf9d3d0c03009c9b49ce6ed5d5b8dd85c2dbe3afc094ebc,775,0xcd91a549956854fdc38efad7e80ff5da8f5432b8,0x7a02abdd212e54db130ebe5bed436ec233a53f332e6d21a4cb8e7db89c6dbe00,17655,103000000
74993896,0xf3ee5fbb6a390757f3e9e615c27a69f4bee05db53a440251b736a06966ab3e28,619,0xe3726a1b9c6ba2f06585d1c9e01d00afaedaeb38,0x7a02abdd212e54db130ebe5bed436ec233a53f332e6d21a4cb8e7db89c6dbe00,16384,1000000000
74993908,0xae1d40f4078d48789ff5c031fb98aa552bacf7d53856995142bbbd9500cfaeac,530,0xcd91a549956854fdc38efad7e80ff5da8f5432b8,0x7a02abdd212e54db130ebe5bed436ec233a53f332e6d21a4cb8e7db89c6dbe00,17655,206000000
74993936,0xcb5a0e57e037ee534dd46a6e14fbcdeae0434f0e2de130344b5297a57c7de849,835,0xcd91a549956854fdc38efad7e80ff5da8f5432b8,0x7a02abdd212e54db130ebe5bed436ec233a53f332e6d21a4cb8e7db89c6dbe00,17655,103000000
74993948,0x659bb9b9ccb2ead7065ec9f399046705ab2af7d836dbb9223cbcdcfc5a94c605,1130,0x7740253843b20007a4c99c3766878351002acbcd,0x11e9a09023ace3097de216497c6fc01a57a57d63df7370543f288b40251dda00,17408,49021101
74993951,0x1a5f11786ae158f9e9089e4d2872e53f1c68d0963f7885a337f4e26b450692b8,517,0x7740253843b20007a4c99c3766878351002acbcd,0xac59a30c1eb00658ffab6102c8053d4bf1ee367fa375e1859b9fffa39279d900,388,8041866
74993971,0x5d3189b6ad6f2fbeccd302b313eb6207c4fb2ff46fc3a9b8b0e280a602e9cd95,689,0x4081d179c5f88235f175fd4a9ba70efa4757cfb0,0xd2c3fa51f46c7bc9c3c9d6af3228a025d384ebebfa7080d62c425ea885d01600,1,404000000
74994053,0xccefddda5b91b9a63b43783842bade8df52081f3d03de70cc271ec24e0d9e195,604,0xcd91a549956854fdc38efad7e80ff5da8f5432b8,0x7a02abdd212e54db130ebe5bed436ec233a53f332e6d21a4cb8e7db89c6dbe00,17655,103000000
74994086,0xd8e02d375c9a4bd36322b40ab13ed47132feafca7218dd5b093631b3eb225972,491,0x5ecde7348ea5100af4360dd7a6e0a3fb1d420787,0xe0dacd987819f3af497743897889ea5558a1340bd5f3b596b669b01795290200,10,635500000
74994102,0x8cd17c74dd73d84a13af1ec50c189708384087714a89947eab24ff6757e4a500,613,0xa61ef8773ec2e821962306ca87d4b57e39ff0abd,0x85d7c9f6da343d5a539c59944f98ba6876fb01c699e4c788ab8c7454f51d1c00,2,4525555104
74994106,0xcc27453451d2efb02c2bc6f2500218e2ed9a86ee2cbfd4ebab6a1aa1a4166838,586,0xd218e474776403a330142299f7796e8ba32eb5c9,0x7a02abdd212e54db130ebe5bed436ec233a53f332e6d21a4cb8e7db89c6dbe00,16471,1500000000
74994110,0xd46e66d4905fbd91b71533da4c8cbd6a76b97b95b0fc8f4e4eceded2816a7beb,1553,0xcd91a549956854fdc38efad7e80ff5da8f5432b8,0x7a02abdd212e54db130ebe5bed436ec233a53f332e6d21a4cb8e7db89c6dbe00,17639,103000000
74994128,0x23c06e52b39a08692ee4fe98c6672a9b9a2ac36867f7b2cd654b97b9fa660313,1078,0x6a72dfe9e6c4cdb3c7ce3bc2b20a67788c66f81d,0x07a6d1e91364e2625ad1f12fe8360e2cb3dcc995cddc7f277e6622cd804e5c00,95,95000000
74994280,0x0a11b6d58f6fb0d4580dac2e302163dbaaf594ecda76311fbee9d9eda125f949,1571,0xcd91a549956854fdc38efad7e80ff5da8f5432b8,0xac59a30c1eb00658ffab6102c8053d4bf1ee367fa375e1859b9fffa39279d900,2047,41370000
74994295,0x7ecd763499e797551dbbb5960e44f456ec1464528c0088507b378a669abd16c0,513,0x8278252ebbf354eca8ce316e680a0eaf02859464,0x154aa7d4f4e5e7dee1604ca6f88c0964a5f0e7f13ec9ffd896b9e12a47a26d00,103,30000000
74994351,0xb05d42ded62467ffd134d9a65b0b23dc7d92f52fbc671e9298e4015da99d8a76,925,0x7740253843b20007a4c99c3766878351002acbcd,0xac59a30c1eb00658ffab6102c8053d4bf1ee367fa375e1859b9fffa39279d900,132,16006134
74994359,0x112cfdf697593f849168e2e782afd9c7fd4360e63c066117d1b5d527428b5393,1151,0xcd91a549956854fdc38efad7e80ff5da8f5432b8,0x85d7c9f6da343d5a539c59944f98ba6876fb01c699e4c788ab8c7454f51d1c00,15,16660000
74994378,0x7023e9be2b9636f84af9e6293309e4e871d6a08530b58f594506028415cd4c45,456,0xa61ef8773ec2e821962306ca87d4b57e39ff0abd,0x85d7c9f6da343d5a539c59944f98ba6876fb01c699e4c788ab8c7454f51d1c00,2,300000000
74994401,0x592613dc76daf6894f00b5f6954d55cd914aee8db87d0d5bbe91fd9194e6d620,414,0xcd91a549956854fdc38efad7e80ff5da8f5432b8,0xac59a30c1eb00658ffab6102c8053d4bf1ee367fa375e1859b9fffa39279d900,2047,41620000
74994450,0xb0d0d0ff5a1c80d54b4807fdc69191422fbaa0eb164ea67e901f32b2a5330a57,559,0xcd91a549956854fdc38efad7e80ff5da8f5432b8,0xac59a30c1eb00658ffab6102c8053d4bf1ee367fa375e1859b9fffa39279d900,2047,72720000
74994512,0x2c523ce7925cfa3e378f90bcd86f31a404a4588779e68682c4ae6172e7563213,818,0xcd91a549956854fdc38efad7e80ff5da8f5432b8,0x9d873a0f1e40eafeaa91d6e64ded055956d66aee91d9a7c3203a28509f876c00,63,166000000
74994564,0x710e2bf2aafe9e7de802c39982e0c998ac89513e3a112fea5d5d21fab13aa856,629,0x490f66ea703fc8fae19fd231c9921e3f4c0c17e5,0x999d64cc537160237a6b828e03c3862d017f09794e6270e8d0d6485b34703700,3,480347384
74994588,0x8e6c47ee40d1f8f341e9b4c7e8a295f998144a23ba0aa2ef05c0d7ec2dfbe222,423,0xa61ef8773ec2e821962306ca87d4b57e39ff0abd,0x85d7c9f6da343d5a539c59944f98ba6876fb01c699e4c788ab8c7454f51d1c00,2,500000000
74994593,0xea914c5e87117fc04f8f0d9db5fa50dba77d128d915164a3f658e53e4501fa6a,526,0x51373c6b56e4a38bf97c301efbff840fc8451556,0x7a02abdd212e54db130ebe5bed436ec233a53f332e6d21a4cb8e7db89c6dbe00,64,221712134
74994605,0x8f18ede23431992e031f81c1cf8adfb357c2a8ff243cb25ba309c1ee463a2472,466,0x490f66ea703fc8fae19fd231c9921e3f4c0c17e5,0xa5e70ee6c9d6afd5f88c1c8281a64d659233bf4588785142e5ae07e1dd970600,15,464152891
74994711,0x6246c2c0d7cd9d697ebb47d1fa050d0e09d2a155bb215abcdb2fa8edac24785f,521,0xe3726a1b9c6ba2f06585d1c9e01d00afaedaeb38,0x51a3b9f29275310adfa309e776ed7a398ac0e5f05d02a3f42fd1e5fe6043e000,1048576,487000000
74994725,0x16c2442b8b98c700d408d0f3106c811f67ee9a664f00dbb826f919b430e899c3,600,0x490f66ea703fc8fae19fd231c9921e3f4c0c17e5,0xdd04589f3f48ac08dc54b5ade17d97ad255ed2850778c961f0cf8cbb5a908600,127,156896406
74994767,0x5fbfefdcaf0f29e8c8066c96999cd88c1b9df5d473977d60044f7ae23eb1e6c7,523,0x490f66ea703fc8fae19fd231c9921e3f4c0c17e5,0xc5ede3bf64df10faf7643d53bab923d6b25735cfa357079079a1e97c79268e00,31,50470000
74994838,0xd1e0fd6e9691308b37653f6ae182774d30adbbde75a21bb0f593780c1b61970e,428,0x490f66ea703fc8fae19fd231c9921e3f4c0c17e5,0x9d873a0f1e40eafeaa91d6e64ded055956d66aee91d9a7c3203a28509f876c00,63,150468952
74994874,0xf977979063ae569d932d78c896a7c9ffb01fe276cef1924796e0e4f2ba8b1cbd,344,0xcd91a549956854fdc38efad7e80ff5da8f5432b8,0x40a82019d6137f329d0c0c994a3588b6439e98a1b4ff69ba9c9b1a83db2b9000,15,277000000
74994879,0x72be8e0e1382eb4c3e75d2a6c115b057d49469a4a1032d10e77498d009d71f8a,98,0x5f390e4b7d6f06d6756a6c92afdbf7b3176aa78c,0x40a82019d6137f329d0c0c994a3588b6439e98a1b4ff69ba9c9b1a83db2b9000,15,18090000
74994999,0x75feac863fd4cab47621868f1b7c3ca2640f3d8dfb93eccc8864e2c79a113f78,518,0xb48b9192dc52eed724fa58c66fa8926d06a3648e,0x40a82019d6137f329d0c0c994a3588b6439e98a1b4ff69ba9c9b1a83db2b9000,15,613290000
74995004,0xfbaf3ebc46666bc8fa3eacdaf0e08e7c368fd18bb5df4959764c715209605c77,1160,0xcd91a549956854fdc38efad7e80ff5da8f5432b8,0x40a82019d6137f329d0c0c994a3588b6439e98a1b4ff69ba9c9b1a83db2b9000,15,335000000
74995030,0x5a097926596abd027346d798fbb38b84aa70a2ea6c5bdecbfa5b511c6a314319,568,0xa61ef8773ec2e821962306ca87d4b57e39ff0abd,0x85d7c9f6da343d5a539c59944f98ba6876fb01c699e4c788ab8c7454f51d1c00,2,1126315787
74995153,0xd03944a9abbdde59d0911054b2e7708388f42d9c679f86176ef68abeca87869f,427,0x7740253843b20007a4c99c3766878351002acbcd,0xac59a30c1eb00658ffab6102c8053d4bf1ee367fa375e1859b9fffa39279d900,644,33132500
74995158,0x997d4acd03acd638bd5b6ae577f896224f069ba86d70f2a7d5bace7024b61abf,627,0x2a315a8d15cfde768bcd47ba5cacf3ef5894f2f0,0xa69729ae3d9838ec5754e0f74bf57dedd5ddbecd9e31b15a04f48f081168ba00,511,40101299
74995162,0x5ac1b7a33d0cfe6c500497da0bee2130df0c2be85eedb9c1a890e446fd360bd6,364,0x6a72dfe9e6c4cdb3c7ce3bc2b20a67788c66f81d,0xa69729ae3d9838ec5754e0f74bf57dedd5ddbecd9e31b15a04f48f081168ba00,319,50000000
74995174,0xb441fddff376df11a8626947cba021bb7d26af9005922a83f0e0ec046df6d4e8,489,0xcd91a549956854fdc38efad7e80ff5da8f5432b8,0xa69729ae3d9838ec5754e0f74bf57dedd5ddbecd9e31b15a04f48f081168ba00,511,103000000
74995179,0x61b0bc37100b04d8aeceb8f0ee580c316566777ea57cad0ed5fec25aa5194cdc,115,0x5f390e4b7d6f06d6756a6c92afdbf7b3176aa78c,0xa69729ae3d9838ec5754e0f74bf57dedd5ddbecd9e31b15a04f48f081168ba00,447,186040000
74995209,0xfede26885c15dc06dead34ecf4d6fc47ed2300a0664b0d1740f02087eab1388d,179,0x5f390e4b7d6f06d6756a6c92afdbf7b3176aa78c,0xa69729ae3d9838ec5754e0f74bf57dedd5ddbecd9e31b15a04f48f081168ba00,319,106090000
74995211,0x7b8faaa8915a75d6e8f2a728c297bc8be2ba1798fc73dd9c815c8d5701eb0dcc,502,0xcd91a549956854fdc38efad7e80ff5da8f5432b8,0xa69729ae3d9838ec5754e0f74bf57dedd5ddbecd9e31b15a04f48f081168ba00,511,205980000
74995224,0x76c9bd7cea5137b5ee3e7543476e9363b5ec4e60970befe67fed5823f8f9d3d2,422,0xa61ef8773ec2e821962306ca87d4b57e39ff0abd,0xa69729ae3d9838ec5754e0f74bf57dedd5ddbecd9e31b15a04f48f081168ba00,256,240819840
74995234,0x6fd5ef6ed023034b62272796206bf2a5595ee468550d3fd7a7a4e948d75b5e37,664,0x2a315a8d15cfde768bcd47ba5cacf3ef5894f2f0,0xa69729ae3d9838ec5754e0f74bf57dedd5ddbecd9e31b15a04f48f081168ba00,511,30030400
74995245,0x2e6065680bca74ea3f3a77c9b0131905657e50949e24376b41db56792f1ed8ad,188,0x5f390e4b7d6f06d6756a6c92afdbf7b3176aa78c,0xa69729ae3d9838ec5754e0f74bf57dedd5ddbecd9e31b15a04f48f081168ba00,447,20000000
74995277,0xe228cc1070e67f43c01e7b278e2e6c56951803653622ac6e98850b0d1e7cac5f,67,0x5f390e4b7d6f06d6756a6c92afdbf7b3176aa78c,0xa69729ae3d9838ec5754e0f74bf57dedd5ddbecd9e31b15a04f48f081168ba00,511,160010000
74995329,0x3d7f007ab1accee7ada40c5e644634b4ed8718cef75b3b310eda481fa8027baa,467,0x6a72dfe9e6c4cdb3c7ce3bc2b20a67788c66f81d,0xa5e70ee6c9d6afd5f88c1c8281a64d659233bf4588785142e5ae07e1dd970600,15,300000000
74995333,0xb995640fe922439add599f5bf6e592b9c92b76872d58baa7f16e1df1a210c425,609,0x6a72dfe9e6c4cdb3c7ce3bc2b20a67788c66f81d,0x7a02abdd212e54db130ebe5bed436ec233a53f332e6d21a4cb8e7db89c6dbe00,17655,442000000
74995379,0xd542fcd2d4b4c00118d6500244d3b86143677cc55d97994206d0ee986e3d23f6,851,0xcd91a549956854fdc38efad7e80ff5da8f5432b8,0xac59a30c1eb00658ffab6102c8053d4bf1ee367fa375e1859b9fffa39279d900,2047,5130000
74995386,0xbe5e9436e478b33d94e91a348a8383f1bda8e2a937227859290a878d6a0323f2,613,0x93fd1445c1d5307ebad91c43f3802a3e7ab77e2f,0x89c17860246d75b833836f5ef923d9599ee16932b593bee05a9b175d4c1e5200,2048,200000000
74995387,0x619c29a5bff1b6c3f2d79e6c930ffa336fe5d047402f9c890559ff6eb3751134,597,0x8e9eedf20dfa70956d49f608a205e402d9df38e4,0x7971728ccf4866d610621f7b8af18b78c1649e6f2c28ce2073d54af61be42600,64,131520001
74995395,0x6381e516a39dc2502c5bd3bf58dced4e3a9d1553eae67476a0fa3bb2de41de98,433,0xe3726a1b9c6ba2f06585d1c9e01d00afaedaeb38,0xac59a30c1eb00658ffab6102c8053d4bf1ee367fa375e1859b9fffa39279d900,1024,561000000
74995423,0x97d4565478c415227cb922448f831a9c3817544633a1b92b41c3c54049278093,723,0x8e9eedf20dfa70956d49f608a205e402d9df38e4,0x7971728ccf4866d610621f7b8af18b78c1649e6f2c28ce2073d54af61be42600,64,46090000
74995448,0x154736f5252fa4eb13763256d57a32a8a01efaa57cb42c06ddeff125430b9761,631,0xcd91a549956854fdc38efad7e80ff5da8f5432b8,0x0988e77ed51d8e78f5a210eeb5b18cdb04fe71132ebda6d4217229b0a1742a00,63,69000000
74995460,0x0422af273c0cd8b503b1341abfa194403903ead0b2adeaa9ff023e348b36b2cd,675,0x8e9eedf20dfa70956d49f608a205e402d9df38e4,0x7971728ccf4866d610621f7b8af18b78c1649e6f2c28ce2073d54af61be42600,64,52020000
74995471,0x863cfde6c18272dbf80f6c7f6b2281ceb36470db62ee15a8d568da339d1a164c,279,0xd218e474776403a330142299f7796e8ba32eb5c9,0x40a82019d6137f329d0c0c994a3588b6439e98a1b4ff69ba9c9b1a83db2b9000,15,200000000
74995482,0x1638485d92ac67e3f6a3c770244a1aba56fca86a47b85cb63a77d9ea74146fb6,625,0x2a315a8d15cfde768bcd47ba5cacf3ef5894f2f0,0x154aa7d4f4e5e7dee1604ca6f88c0964a5f0e7f13ec9ffd896b9e12a47a26d00,124,60000000
74995556,0x45689ed89ec67d7cbde1711d87230c3f8070a26cb19bc3149616b3008759180b,369,0x7740253843b20007a4c99c3766878351002acbcd,0xac59a30c1eb00658ffab6102c8053d4bf1ee367fa375e1859b9fffa39279d900,148,16014833
74995558,0xdb5b9883d7fa03aa605c9496f0f9abf830dff9c77c00a4c70db8d3dbf1b67973,690,0x7740253843b20007a4c99c3766878351002acbcd,0xa69729ae3d9838ec5754e0f74bf57dedd5ddbecd9e31b15a04f48f081168ba00,261,36078141
74995708,0x658efba845161d393f896898d9da5e5ec5322e7b1e5ca2179eb2aef4642329e1,439,0xd218e474776403a330142299f7796e8ba32eb5c9,0xac59a30c1eb00658ffab6102c8053d4bf1ee367fa375e1859b9fffa39279d900,2047,400000000
74995721,0x69dbeef8ff73218b8ff012b58be7dfd37edb2f37f192fa5141b0bb487dee08d3,535,0x9be90ea78bff3f81f3564a11d5e12b2a0783c030,0xc8f80ae8e6e986ec49fb1c7183606ad487f329392b12be77845a7f54d0879200,549755813887,17450000
74995778,0x0de04dafc3a2a908e813369ec9a2c6bb968a207d6a859ec835c6ce4fe4a18449,398,0xcd91a549956854fdc38efad7e80ff5da8f5432b8,0x50096938b79cfb53a22f83ef28dac0360c0578d90ab42f137e35ecb2cafce300,127,64000000
74995804,0xd1f674109503c69b89c767ea0ab5f5d90500a94e51d9678591da1d9df8541f83,681,0x6a72dfe9e6c4cdb3c7ce3bc2b20a67788c66f81d,0xa69729ae3d9838ec5754e0f74bf57dedd5ddbecd9e31b15a04f48f081168ba00,511,20000000
74995830,0xc5a7e80c65ebe0e1bde257604752f9c020cc1c89fe6e159dd7d171cdcd1825d2,509,0xcd91a549956854fdc38efad7e80ff5da8f5432b8,0xf97582f8cb131d8b67b30366a55bbb970dfd22a317e38a4af7cfb9cb6532e300,8368575,44940000
74995875,0xad9af560a0798210e4cc9579e7be39cb2eba2ecebd40081785da1680e22ab198,927,0xa61ef8773ec2e821962306ca87d4b57e39ff0abd,0x85d7c9f6da343d5a539c59944f98ba6876fb01c699e4c788ab8c7454f51d1c00,2,129551564
74995926,0x98d8646963ce365a2da6a4f4aad3d577caa85174eeb4f421b73525c4a3bac2ba,360,0xcd91a549956854fdc38efad7e80ff5da8f5432b8,0x40a82019d6137f329d0c0c994a3588b6439e98a1b4ff69ba9c9b1a83db2b9000,13,17000000
74995930,0xb6d7c3415da30df8c5fcf6bb1e2d8a42217af78b174ec8e8fb566773b57b7f86,72,0x5f390e4b7d6f06d6756a6c92afdbf7b3176aa78c,0x40a82019d6137f329d0c0c994a3588b6439e98a1b4ff69ba9c9b1a83db2b9000,3,66980000
74995953,0xa32bf5eec4c6fdd87aa55405bbc062bfc5a269c7aba82b52ff2aac2e87837597,769,0x2a315a8d15cfde768bcd47ba5cacf3ef5894f2f0,0x40a82019d6137f329d0c0c994a3588b6439e98a1b4ff69ba9c9b1a83db2b9000,15,71470587
74995962,0xc08f082b52e6bb4a2fc3dd9d4ff2dbd4a3b039552275653929dcc75461310528,520,0x7740253843b20007a4c99c3766878351002acbcd,0xa69729ae3d9838ec5754e0f74bf57dedd5ddbecd9e31b15a04f48f081168ba00,257,13104192
74996012,0x13aaacc09acf9bc17de7c935d45fca8fbbd449d824d61e2fcafa0632acdd38b7,433,0x6a72dfe9e6c4cdb3c7ce3bc2b20a67788c66f81d,0xdd04589f3f48ac08dc54b5ade17d97ad255ed2850778c961f0cf8cbb5a908600,127,26000000
74996062,0xa870ba36675d47725c28f3ee466940561ede533a7b561507dcffbe5c9b141f28,636,0xcd91a549956854fdc38efad7e80ff5da8f5432b8,0x40a82019d6137f329d0c0c994a3588b6439e98a1b4ff69ba9c9b1a83db2b9000,15,69000000
74996068,0x6f18d45b03e9865f6648dd553f78463ad55764e0b9ef3b2815d1728f0ef48e17,38,0x5f390e4b7d6f06d6756a6c92afdbf7b3176aa78c,0x40a82019d6137f329d0c0c994a3588b6439e98a1b4ff69ba9c9b1a83db2b9000,3,46600000
74996070,0x883eafd5b37125ad347325282571925b885fb25c1b0b5392153c90d1e2434e57,18,0x5f390e4b7d6f06d6756a6c92afdbf7b3176aa78c,0x40a82019d6137f329d0c0c994a3588b6439e98a1b4ff69ba9c9b1a83db2b9000,3,110000000
74996093,0xcd29d90a33915ed4760232b7704c415b2aaebde915702e550fe30da939d545f6,787,0x2a315a8d15cfde768bcd47ba5cacf3ef5894f2f0,0x40a82019d6137f329d0c0c994a3588b6439e98a1b4ff69ba9c9b1a83db2b9000,15,74529413
74996117,0x651103c61d3fddd5a0ac3e737e0ecc69e68ea5177e42a152d206a313928f0a1d,542,0xc0ffa24eb2bfaeaafe11b5c1143281f7c590136b,0x1bdcc22f99efd4a0af525806c64f7e6ee0a1640517b1d0a4a731367b6554be00,4,385980000
74996322,0xc31fb4535887da3f181e02bb589db75332851cc9cd8e3f46c6deea76701eb01d,795,0x4c86cdfff0fcff0f6b56a9ddb9f805b4b28f6993,0x8b3d9073b3e38bd51325ee4c556d7729cfdaf7f1c3140ab9abb2d6d34428a000,17,500000000
74996365,0xfbfad283f289994ee2b6acd6b2183310e959812b153046f1cc511e2b88f2f0d4,470,0x7740253843b20007a4c99c3766878351002acbcd,0xac59a30c1eb00658ffab6102c8053d4bf1ee367fa375e1859b9fffa39279d900,144,17051167
74996450,0x5dd2ffc10e40b8a7e56ef0287aec98e0c89c4cf875927c33168bb0ecc34e7ca6,421,0x6a72dfe9e6c4cdb3c7ce3bc2b20a67788c66f81d,0x0988e77ed51d8e78f5a210eeb5b18cdb04fe71132ebda6d4217229b0a1742a00,127,10009456
74996529,0x3fb9941babbf49fbca8a8a757ed3b88a90c338aec30a36458e9cf0fb3f7af1c0,549,0xcd91a549956854fdc38efad7e80ff5da8f5432b8,0xa5e70ee6c9d6afd5f88c1c8281a64d659233bf4588785142e5ae07e1dd970600,15,138000000
74996529,0x2bf20d1a7862ae56f3b4555323c597621be25dba34f32ddb6949d5bfee55e651,689,0x6a72dfe9e6c4cdb3c7ce3bc2b20a67788c66f81d,0x545a905bdf7f7ff5e2f2fef7b1d5d42330f2786e05f2479261b650424fd8a400,27,10000000
74996545,0x93c3bae309e8123149b23211103cdb298c7552cea05f1cbd63d18920932cab03,1368,0xcd91a549956854fdc38efad7e80ff5da8f5432b8,0x89c17860246d75b833836f5ef923d9599ee16932b593bee05a9b175d4c1e5200,4095,75000000
74996550,0xccbbfbf7d2f7195ae8b9b7a8ead83d6bc4d48eeb0bf88dacb0afaef112ab8183,689,0x5ecde7348ea5100af4360dd7a6e0a3fb1d420787,0xe14500a62f39f74d657364c5d07f6a9affbe2470d24cbb97adb1e15528b74200,130,999982454
74996623,0x0bd237508641a37d95d317f524dbda7e3aabf416dc375d5b1fcf47f41203efaa,802,0x4c86cdfff0fcff0f6b56a9ddb9f805b4b28f6993,0x8b3d9073b3e38bd51325ee4c556d7729cfdaf7f1c3140ab9abb2d6d34428a000,17,1000000000
74996630,0x94f949ef2f921553d16371382b313ee7ae7b197ff652b97b427011746e0e9a01,582,0x6a72dfe9e6c4cdb3c7ce3bc2b20a67788c66f81d,0x07a6d1e91364e2625ad1f12fe8360e2cb3dcc995cddc7f277e6622cd804e5c00,95,80000000
74996744,0x2a28a67167af74899239ce750d1028ef7d4befe17c7bbc9c86ad55b32525ae80,461,0x825784480f002247beaf01ed1777a85436ceda02,0xd2c3fa51f46c7bc9c3c9d6af3228a025d384ebebfa7080d62c425ea885d01600,2,4000000000
74996751,0xa1f635922ff1968e6a06c627a660fbf255ce62514ef9f8e58a3189bcbcb04b1d,611,0x2a315a8d15cfde768bcd47ba5cacf3ef5894f2f0,0x89c17860246d75b833836f5ef923d9599ee16932b593bee05a9b175d4c1e5200,1023,10000000
74996786,0xb4e79956659994a5ae066907a1c0eec33647387e8509f076bf773dd849c9b4a9,620,0x21064fd320bfd5a86f8c92a94d3209edf4154dea,0x89c17860246d75b833836f5ef923d9599ee16932b593bee05a9b175d4c1e5200,32,200000000
74996869,0xada6ff2ed20dfb14f1329c21c09a7e73a6a2a20f7db5570b3d2d3bd41bb1787a,529,0xd218e474776403a330142299f7796e8ba32eb5c9,0x289dc66d9938b32cb340a630d13de0a91e3e04e0dc62a219a26a16e6f9cc2600,703,1600000000
74996905,0xa25f3108cecb5f3d70faa7b72bebba87f986f656c4e9d4c6bd6264508572d3f9,420,0x6a72dfe9e6c4cdb3c7ce3bc2b20a67788c66f81d,0x07a6d1e91364e2625ad1f12fe8360e2cb3dcc995cddc7f277e6622cd804e5c00,95,88000000
74996908,0xdbcaf5df7915e1e183176acf2194a8ab6d9a78d27460001efd292cb5e4cd3179,440,0x490f66ea703fc8fae19fd231c9921e3f4c0c17e5,0xa69729ae3d9838ec5754e0f74bf57dedd5ddbecd9e31b15a04f48f081168ba00,511,150000000
74996929,0x7ccb6633cedbe83c42413639bd013caa9acb7d90c679ddb7901bfd1b72b10fbb,718,0xd218e474776403a330142299f7796e8ba32eb5c9,0x40a82019d6137f329d0c0c994a3588b6439e98a1b4ff69ba9c9b1a83db2b9000,7,2000000000
74996985,0x2ed927b4682614d170e0f915e4c4ae2096a5c0f45ae46bd526807ea394880582,506,0x490f66ea703fc8fae19fd231c9921e3f4c0c17e5,0x289dc66d9938b32cb340a630d13de0a91e3e04e0dc62a219a26a16e6f9cc2600,6,1072987867
74996996,0x736fa6c939dd74ba7f365d249a5a8646dc92d79400b9f963ecfadbdeb36f5277,401,0x21064fd320bfd5a86f8c92a94d3209edf4154dea,0x7224809d383ae72bc56099e3259c59b514fa22f1381de93c939ab11b0ad2f300,4,200000000
74997030,0x4bd00f9e164427cd2333885d9b3cb3e53f04fb975d1f7f1179d1c9442c860fcc,469,0xc3045685168d263ec48a14d236a63b4871c397b4,0xd2c3fa51f46c7bc9c3c9d6af3228a025d384ebebfa7080d62c425ea885d01600,32,500000000
74997032,0x2e4a19f37b4259c1fd6bc4e4fe1df903d20e53f08aee0efe1cd1054e1f47461d,518,0x490f66ea703fc8fae19fd231c9921e3f4c0c17e5,0xa5e70ee6c9d6afd5f88c1c8281a64d659233bf4588785142e5ae07e1dd970600,11,150625291
74997067,0xec8d0b99ee74cae84ac2ad2e5071da46f17fd82cd4d33901b3f597a00e457334,463,0x0fb6589dba5168073712ae711f2652ae80d66c70,0x89c17860246d75b833836f5ef923d9599ee16932b593bee05a9b175d4c1e5200,2048,1222740587
74997103,0x3a15d6c21bd5d3b65ff8970317795096178633643084c1b9f07d668bb68ddacd,435,0x5ecde7348ea5100af4360dd7a6e0a3fb1d420787,0xe0dacd987819f3af497743897889ea5558a1340bd5f3b596b669b01795290200,12,2000000000
74997178,0xa90daed469ec9289448962a24c60f14ebb954b745ec0254d46b47f5eb7f199e4,477,0x6a72dfe9e6c4cdb3c7ce3bc2b20a67788c66f81d,0x07a6d1e91364e2625ad1f12fe8360e2cb3dcc995cddc7f277e6622cd804e5c00,95,150000000
74997206,0x454b2038479f0b045ba8633ba4fab2dd4d19f92a2c19c25d5cc78c8cef717510,357,0xe3726a1b9c6ba2f06585d1c9e01d00afaedaeb38,0x89c17860246d75b833836f5ef923d9599ee16932b593bee05a9b175d4c1e5200,2048,126000000
74997290,0x4671a24e05ecc9fa00b4a85698d20134a9b8e4afe97f824ae0cff5ccefa8b267,380,0x224b255eaa3279ceb77330317d3c38ee8e73f6b8,0xac59a30c1eb00658ffab6102c8053d4bf1ee367fa375e1859b9fffa39279d900,1,2000000000
74997301,0x8c260699ed43b9c454698f7abb02f56d048d6e345c063e9d02dada6947f11067,552,0xfd691577dc6a9d21e9611b93ef9177d36738a2e1,0xe0dacd987819f3af497743897889ea5558a1340bd5f3b596b669b01795290200,2,1000000000
74997427,0x3ac0ce1650e5cda316f603c1e844b749a171f9921d695da8c27b1a8b28979c8a,225,0xb48b9192dc52eed724fa58c66fa8926d06a3648e,0x07a6d1e91364e2625ad1f12fe8360e2cb3dcc995cddc7f277e6622cd804e5c00,95,2418000000
74997691,0xec0c78af3a7d727440f6c162b8ca4d66267061a95ed47f9ef61b083c46dca8a4,424,0x6a72dfe9e6c4cdb3c7ce3bc2b20a67788c66f81d,0xe14500a62f39f74d657364c5d07f6a9affbe2470d24cbb97adb1e15528b74200,1048734,50000000
74997701,0xac3bcec36db0336e48071c9c9b712b623a51ab2ef5f561bdd1abec852db6c347,464,0xb48b9192dc52eed724fa58c66fa8926d06a3648e,0x07a6d1e91364e2625ad1f12fe8360e2cb3dcc995cddc7f277e6622cd804e5c00,95,2800000000
74997701,0xfead9251e2271417de5e6f90f903e50cc813685adee5822b85ea18f021df3b3f,556,0xfd691577dc6a9d21e9611b93ef9177d36738a2e1,0x4c5d47c0c5f71559fad09f78337288893d969fdd7469a49b6c6ca12d315e6a00,128,800000000
74997718,0x242fe63316c98872f7ef8a5bc82471f2a2669c7cb8bb359dbe80265e469cac37,267,0x6a72dfe9e6c4cdb3c7ce3bc2b20a67788c66f81d,0x07a6d1e91364e2625ad1f12fe8360e2cb3dcc995cddc7f277e6622cd804e5c00,95,632000000
74997751,0x4d2677775b05a1c09394f3db59fac5797b419ff4a0f122b2622afd86fca13cf6,1063,0xd218e474776403a330142299f7796e8ba32eb5c9,0x07a6d1e91364e2625ad1f12fe8360e2cb3dcc995cddc7f277e6622cd804e5c00,95,400000000
74997816,0x630841cad1d04545d94beab510ffc795dbb501f4abfd3a56cf9a14f7bdc2d623,901,0xfd691577dc6a9d21e9611b93ef9177d36738a2e1,0x2c3d7e0eee6f058be3006baabf0d54a07da254ba47fe6e3e095e7990c7814700,64,3000000000
74997882,0x27a7a475708b3f010da69e0c442f413606763f22de3f8d523c53b8a5434ca88c,441,0x6a72dfe9e6c4cdb3c7ce3bc2b20a67788c66f81d,0x07a6d1e91364e2625ad1f12fe8360e2cb3dcc995cddc7f277e6622cd804e5c00,79,400000000
74997889,0x7c3c28df12fe1e76bab49f8eb1c3a60f3294848968331cacde450bb113f1ef57,399,0x6a72dfe9e6c4cdb3c7ce3bc2b20a67788c66f81d,0x9ed859f26378d2009832544a15acaad6d350a62f7f2aa5e1201df7fd9a982600,2098175,200994866
74997913,0x3ef7a727ab8d00f99ffa9df90faf07a8439e1dfd639541e9379beb7f1f68d686,495,0x6a72dfe9e6c4cdb3c7ce3bc2b20a67788c66f81d,0x8109e70e7e684a121a99cb1bd435859fd52a267b2b8971831487797bfdb41600,65535,50000000
74997986,0x1b7e1eb64153e796ebd204007628d7be791f0160f4e9a42843e64943525cb764,630,0x6a72dfe9e6c4cdb3c7ce3bc2b20a67788c66f81d,0x07a6d1e91364e2625ad1f12fe8360e2cb3dcc995cddc7f277e6622cd804e5c00,95,91000000
74998039,0xe0d156c7cfbe638e808196e166cd7802f9ff92b399079ebf1134306c81d0c197,211,0x5f390e4b7d6f06d6756a6c92afdbf7b3176aa78c,0x7943c5b94504f62945d7122d939846cf83fac62a85c44e4be9afd66c2c080600,11300799872962944,5000000
74998119,0x807273f7ed38b3cf73afe61c2808ed41a79b6e758981a3a6c19f77392ee65fc0,473,0x6a72dfe9e6c4cdb3c7ce3bc2b20a67788c66f81d,0xdd04589f3f48ac08dc54b5ade17d97ad255ed2850778c961f0cf8cbb5a908600,127,100000000
74998217,0x165c0efdefb3080e25f991b922e29b069ea06b87b01bed5cec401a759e66aa0e,392,0xe4cfbb89c05d3429280c69969aee2cfb7a4678c4,0x40a82019d6137f329d0c0c994a3588b6439e98a1b4ff69ba9c9b1a83db2b9000,15,425000000
74998231,0x63f555dca3d5acdd7e39ff0434bbf73dd8877fc4def9922479284a5eb5ff6973,539,0xe4cfbb89c05d3429280c69969aee2cfb7a4678c4,0x154aa7d4f4e5e7dee1604ca6f88c0964a5f0e7f13ec9ffd896b9e12a47a26d00,127,70000000
74998278,0x6bf3ce61825a373361b2172cba8f6962902e711ab9a8161bdf0f26882cef122c,1310,0xe3726a1b9c6ba2f06585d1c9e01d00afaedaeb38,0x82019eec7b2108abd06e541f87ead79768e91b9a500dfc0853b15f0d42eda800,16,450000000
74998283,0x855b72ec2dc8926031f95fb8d662f386bc08ecf508b1970319ad764613f68e9f,84,0x5f390e4b7d6f06d6756a6c92afdbf7b3176aa78c,0x82019eec7b2108abd06e541f87ead79768e91b9a500dfc0853b15f0d42eda800,26,1077770000
74998287,0x216a5a1b8155594c68c09f21b4a3f447487b90b6d443a0245dff17054241e205,71,0x5f390e4b7d6f06d6756a6c92afdbf7b3176aa78c,0x82019eec7b2108abd06e541f87ead79768e91b9a500dfc0853b15f0d42eda800,26,359610000
74998297,0xd46fb677630a5ec9d12e896659fcc43dce3cbd6ecb2ebf4189903f3b17814af3,132,0x5f390e4b7d6f06d6756a6c92afdbf7b3176aa78c,0x82019eec7b2108abd06e541f87ead79768e91b9a500dfc0853b15f0d42eda800,28,189610000
74998354,0x7c88a5deeb78d68ecb9ac67b7e29acb71cced58d7b893e5fbe60230c0ce5a76a,986,0xebc0df15e665da95bf819105b723ae90042ffa41,0x40a82019d6137f329d0c0c994a3588b6439e98a1b4ff69ba9c9b1a83db2b9000,15,825000000
74998365,0x9ee5741a4ba23485ca990c61cca9d7c15d23a3357570170e1a4e525a64741b24,882,0xebc0df15e665da95bf819105b723ae90042ffa41,0x07a6d1e91364e2625ad1f12fe8360e2cb3dcc995cddc7f277e6622cd804e5c00,223,60008500
74998371,0xabf2e56fe925eeaa34760b1f6eb35d02132c4c17e832322feb0f15a576e94bc3,913,0xebc0df15e665da95bf819105b723ae90042ffa41,0xd2c3fa51f46c7bc9c3c9d6af3228a025d384ebebfa7080d62c425ea885d01600,524287,71000000
74998378,0xcb8644f7901ed828e980bc17231a7f472fec229281818021a4aee9cbf610a1ba,1076,0xebc0df15e665da95bf819105b723ae90042ffa41,0x469e0568af391cf4079fa0c487da4c2817bb5446b457b67439a33de3b841fe00,511,35000000
74998379,0xb27996bd21b8bdb9a45cc3e0e08c19a4ad4e44f3d696e04c22c236e4b600d471,413,0x6a72dfe9e6c4cdb3c7ce3bc2b20a67788c66f81d,0x07a6d1e91364e2625ad1f12fe8360e2cb3dcc995cddc7f277e6622cd804e5c00,95,50000000
74998388,0xaf1a2aadf7c17ed269901d45052770ead513dc99f475d08e2c93ea4cb3892a17,1156,0xebc0df15e665da95bf819105b723ae90042ffa41,0x7224809d383ae72bc56099e3259c59b514fa22f1381de93c939ab11b0ad2f300,63,26000000
74998397,0x092453cac7325c9c2efb2e05340724436082c70d50f9cf02ad7fadf1d77c4d37,391,0xebc0df15e665da95bf819105b723ae90042ffa41,0x50096938b79cfb53a22f83ef28dac0360c0578d90ab42f137e35ecb2cafce300,127,64013000
74998404,0xa51d826989d1bf3034a11bbf6a0e38be1259dd9ea399296d50cb445ce346db05,448,0xebc0df15e665da95bf819105b723ae90042ffa41,0xa69729ae3d9838ec5754e0f74bf57dedd5ddbecd9e31b15a04f48f081168ba00,511,25000000
74998414,0xb79f13fa98d4f5ea9f137c138d3d4999b05d0e67288a7a3f761b428b78dd2631,297,0xebc0df15e665da95bf819105b723ae90042ffa41,0x89c17860246d75b833836f5ef923d9599ee16932b593bee05a9b175d4c1e5200,4095,25000000
74998420,0xf95de294f3b52e8014b820fdc6b8b68254a29d4c388f8e221d485e65267b6d5d,637,0xebc0df15e665da95bf819105b723ae90042ffa41,0xe156e2bf5ed9660225915ea33eb3720a8e4d0519408701509500eb8efe16a300,131071,13650666
74998426,0x2b26da7fbec33733120a5b6660d1031ccf7aa2bc5c6e28a9e97d38d61c083cb5,511,0x6a72dfe9e6c4cdb3c7ce3bc2b20a67788c66f81d,0x999d64cc537160237a6b828e03c3862d017f09794e6270e8d0d6485b34703700,7,94709874
74998427,0xa6e1738689999a3f740d5099c7fa933e194dd959b7cffb7ee3b0ab969537e8af,1173,0xebc0df15e665da95bf819105b723ae90042ffa41,0x4824c27d08162327194c01c5083a2b642704cfa5b9cdd95ea5d0d781bb981500,7,15000000
74998433,0xc97a27c40744352bd0a2589de74596c9b01459685ea3db3184a23b6311e62f69,310,0xebc0df15e665da95bf819105b723ae90042ffa41,0x07a6d1e91364e2625ad1f12fe8360e2cb3dcc995cddc7f277e6622cd804e5c00,95,59991500
74998441,0xbe84d90f3c78158ca4190acaed6ea17b3acf1adce38e75580f945c5365a20baf,1620,0xcd91a549956854fdc38efad7e80ff5da8f5432b8,0xa5e70ee6c9d6afd5f88c1c8281a64d659233bf4588785142e5ae07e1dd970600,15,229320000
74998442,0xf1a314e90d909b044322e67c2f8c2a0757ff4a753470152107ac195c1a7717fa,396,0xebc0df15e665da95bf819105b723ae90042ffa41,0xa5e70ee6c9d6afd5f88c1c8281a64d659233bf4588785142e5ae07e1dd970600,15,25000000
74998449,0xbbb8d4acf2e7902b7b9ab6df0c265aad1abbda98858648643f8143795656e683,594,0xebc0df15e665da95bf819105b723ae90042ffa41,0x154aa7d4f4e5e7dee1604ca6f88c0964a5f0e7f13ec9ffd896b9e12a47a26d00,127,75231853
74998461,0x6a5a1086e9e6f87b556e64f1ad38669c17f7e139f377ac106d2d8065791e4ffc,309,0xebc0df15e665da95bf819105b723ae90042ffa41,0x50096938b79cfb53a22f83ef28dac0360c0578d90ab42f137e35ecb2cafce300,126,26744880
74998470,0x67003826ae0a678aad4ec533ca3dcce9e55dfbea2d9e13f46d54be2dd883f140,312,0xebc0df15e665da95bf819105b723ae90042ffa41,0x0988e77ed51d8e78f5a210eeb5b18cdb04fe71132ebda6d4217229b0a1742a00,127,20000000
74998482,0x150497f5b8cc97823e43db2d141b684a3e04b3064940162bfcb4a5ad66d71308,844,0xebc0df15e665da95bf819105b723ae90042ffa41,0x40a82019d6137f329d0c0c994a3588b6439e98a1b4ff69ba9c9b1a83db2b9000,5,370240
74998489,0xd6c8cecdcac0e90a09f6e5c1f45c6f447fc3e010df4a1032cdbb2887d543f48e,428,0xebc0df15e665da95bf819105b723ae90042ffa41,0x301383f0d801d8e1fd0377f443137c7f2485fb0ac855f71965d637fee1594700,31,15000000
74998600,0x57149fdbb06010ca3e16d04ec559f93ecfb03c049c1b893badac166d75b50809,1162,0x4df7da721042bf8b75bd1cb7acbeb7f83aaf522d,0x40a82019d6137f329d0c0c994a3588b6439e98a1b4ff69ba9c9b1a83db2b9000,15,725000000
74998607,0xed29f037a41abbea2524da6c5c5b865e6548f30a8cb23fe79cbb9be6458138e8,1105,0x4df7da721042bf8b75bd1cb7acbeb7f83aaf522d,0x07a6d1e91364e2625ad1f12fe8360e2cb3dcc995cddc7f277e6622cd804e5c00,223,60026073
74998612,0xc3ddb6d44fec6928776d51d97f0a3b60554239b8dd57aa4bd11dfd909a75035e,546,0x4df7da721042bf8b75bd1cb7acbeb7f83aaf522d,0xf97582f8cb131d8b67b30366a55bbb970dfd22a317e38a4af7cfb9cb6532e300,8369599,30017419
74998622,0x21c1aa98d213d481ae439e3c37d9d821916109fb2a0c2209af3d31d09a18d6f1,536,0x4df7da721042bf8b75bd1cb7acbeb7f83aaf522d,0x0988e77ed51d8e78f5a210eeb5b18cdb04fe71132ebda6d4217229b0a1742a00,127,60000000
74998628,0x038a3f70ffff82fffdbaf4210850c7c3a12ce811f13cb8a98a9c02bf480b190f,224,0x4df7da721042bf8b75bd1cb7acbeb7f83aaf522d,0x50096938b79cfb53a22f83ef28dac0360c0578d90ab42f137e35ecb2cafce300,127,46521738
74998660,0xc49f1c3c8df49f6bb4e47ceb72583a3d9067983535cad96ba4507501d737595c,391,0x4df7da721042bf8b75bd1cb7acbeb7f83aaf522d,0x07a6d1e91364e2625ad1f12fe8360e2cb3dcc995cddc7f277e6622cd804e5c00,95,39973927
74998667,0xfe6224377846328b92c287fac1d2cd23213197261e8a4c8305d07ef036662147,997,0x4df7da721042bf8b75bd1cb7acbeb7f83aaf522d,0x469e0568af391cf4079fa0c487da4c2817bb5446b457b67439a33de3b841fe00,511,35000000
74998673,0x8288d9854ed865a696c9f0760d978a8b082d8d916a1faa646efe161d6fdb6ee1,493,0x4df7da721042bf8b75bd1cb7acbeb7f83aaf522d,0x67a080c91f765bae0e1956af3c65abba5ad4ae44c9e09c6a8d4de99ac038a100,31,20000000
74998678,0x068b9de41d01b5ecb5ab44263cbc08d5903ebaee18d1e63ee77fed1d573f5b22,334,0x4df7da721042bf8b75bd1cb7acbeb7f83aaf522d,0x434cf81beddf3da13c91aa9bf0a78072b5ac1112481a453c95b6a5cc1778b400,62,40000000
74998689,0xe735b3d7dd6b45bfa711f26389bc05c3352dab98cf98d1c46ee9151b314f227c,287,0x4df7da721042bf8b75bd1cb7acbeb7f83aaf522d,0x154aa7d4f4e5e7dee1604ca6f88c0964a5f0e7f13ec9ffd896b9e12a47a26d00,126,84662051
74998699,0xa3a6e36b4589dae6b676a8b29368d6036041f9e3cf244373aef8619f0f722acd,324,0x4df7da721042bf8b75bd1cb7acbeb7f83aaf522d,0xf97582f8cb131d8b67b30366a55bbb970dfd22a317e38a4af7cfb9cb6532e300,8368575,51123581
74998708,0x5a1f038e15917fb9fc655b60ed3888b6ac9a4dc01e1de9b51c898b39d02dab69,366,0x4df7da721042bf8b75bd1cb7acbeb7f83aaf522d,0xa5e70ee6c9d6afd5f88c1c8281a64d659233bf4588785142e5ae07e1dd970600,15,25005000
74998715,0xb530ba1723d7b802f40cb4119841bf63ae3a9e065f8f4fbb984ac8d0cc22be92,438,0x4df7da721042bf8b75bd1cb7acbeb7f83aaf522d,0xc8f80ae8e6e986ec49fb1c7183606ad487f329392b12be77845a7f54d0879200,549755813887,30000000
74998729,0xedbc6424c33c669ee9dd33ed411dd5573713b4fe4dfba8b92b3c4d000c0ea142,794,0x4825c873a8c890bdaff00d253a23e8e09eb95ec5,0x07a6d1e91364e2625ad1f12fe8360e2cb3dcc995cddc7f277e6622cd804e5c00,1,6000000000
74998731,0x50307886f45fa5060a97f980a6aba397dd28445b9d15d2aed857b7c42b205f56,931,0xb13d096b2e90411d0e5f42891d2e73ef4cea2e90,0x23d904292eda12e1af549f115530f20357d055c43b1f349e669efe43d3c3e300,6,74074073
74998731,0x50307886f45fa5060a97f980a6aba397dd28445b9d15d2aed857b7c42b205f56,940,0xb13d096b2e90411d0e5f42891d2e73ef4cea2e90,0xc0519374f3bab912cf21f8bdf511657c5db230062a3550eebe85f5eb93217700,5,43922009
74998731,0x50307886f45fa5060a97f980a6aba397dd28445b9d15d2aed857b7c42b205f56,949,0xb13d096b2e90411d0e5f42891d2e73ef4cea2e90,0x6a2eeddfe94cdb72bb5b9584604ebab0746242af1cdeff15a4fe1a0dedd9b000,6,4000000
74998731,0x50307886f45fa5060a97f980a6aba397dd28445b9d15d2aed857b7c42b205f56,958,0xb13d096b2e90411d0e5f42891d2e73ef4cea2e90,0x3851180574abf8fd3cbd2daa0528575a689924eb185a0444a57137c801d86d00,6,105925417
74998731,0x50307886f45fa5060a97f980a6aba397dd28445b9d15d2aed857b7c42b205f56,967,0xb13d096b2e90411d0e5f42891d2e73ef4cea2e90,0x14f9c6093651bd837c538eda0f0d1f239ef5d944e4ceb484684a78db217b3500,5,28330000
74998737,0xf8672bc81fc0d59c5adcbf8a02a833867aafcf9d56014b2a4906f5fa498f7e22,450,0x4df7da721042bf8b75bd1cb7acbeb7f83aaf522d,0xe156e2bf5ed9660225915ea33eb3720a8e4d0519408701509500eb8efe16a300,131071,20000000
74998739,0x8e9f7a52dc1f2adbddecaaff0bdbf2b526899339b47d4c01a926c6356488a782,717,0x9703676286b93c2eca71ca96e8757104519a69c2,0x39d9b882cb76bcce091beedc53a9aa4e6d5f2d2ba2204c00b8a54ec3d5dae700,8392704,400650714
74998811,0xa567b21dc3082075997330665443f7fb19e55d2f1978bc8b9371814f0179dddc,462,0x21064fd320bfd5a86f8c92a94d3209edf4154dea,0x1a401e1731ec809615245110fe930a10c766d2a93b6dc6ea7843b122f019ea00,1,300000000
74998815,0xbd573cb1222262eb66c5575cd07fd1267cada77ec85233773763fe23f3b23ef1,1275,0x6a72dfe9e6c4cdb3c7ce3bc2b20a67788c66f81d,0x07a6d1e91364e2625ad1f12fe8360e2cb3dcc995cddc7f277e6622cd804e5c00,95,200000000
74998887,0x170aaec5e4c1737b59559ddc26bae75819ab4d9d5dfcff282c42d5134cc376aa,806,0xcd91a549956854fdc38efad7e80ff5da8f5432b8,0x8fb12001d2c2a5c30b880f32a0bfdb457ee7a4c9426af74d7f196d19d95cb300,1048575,43000000
74998930,0xa3e2731c69d6222f9af990831651c267289200c390655f1ae3b79983fa2daae4,319,0xcd91a549956854fdc38efad7e80ff5da8f5432b8,0x8fb12001d2c2a5c30b880f32a0bfdb457ee7a4c9426af74d7f196d19d95cb300,1015807,43000000
74999294,0x843ad9b8bb71abb302aacf9e79db0da859e983acde2e1644b6b52b3085267189,392,0x51373c6b56e4a38bf97c301efbff840fc8451556,0xd2c3fa51f46c7bc9c3c9d6af3228a025d384ebebfa7080d62c425ea885d01600,8192,109785006
74999294,0x843ad9b8bb71abb302aacf9e79db0da859e983acde2e1644b6b52b3085267189,487,0x51373c6b56e4a38bf97c301efbff840fc8451556,0x7971728ccf4866d610621f7b8af18b78c1649e6f2c28ce2073d54af61be42600,2,184330552
74999294,0x843ad9b8bb71abb302aacf9e79db0da859e983acde2e1644b6b52b3085267189,501,0x51373c6b56e4a38bf97c301efbff840fc8451556,0x85d7c9f6da343d5a539c59944f98ba6876fb01c699e4c788ab8c7454f51d1c00,2,353567342
74999294,0x843ad9b8bb71abb302aacf9e79db0da859e983acde2e1644b6b52b3085267189,578,0x51373c6b56e4a38bf97c301efbff840fc8451556,0xd17b6435b7742ac0e437489f4c6d43e84714aa92863085e0550e21e604383b00,128,378106863
74999294,0x843ad9b8bb71abb302aacf9e79db0da859e983acde2e1644b6b52b3085267189,637,0x51373c6b56e4a38bf97c301efbff840fc8451556,0x289dc66d9938b32cb340a630d13de0a91e3e04e0dc62a219a26a16e6f9cc2600,16,252983052
74999366,0x5b33a7f38687036b85d922e158a83eb90cef46d35fb56ee1a5c5c4550ebe3f32,422,0x55173bc7f6e52f45ec05fd14fbc6f34e81b6e334,0x7a02abdd212e54db130ebe5bed436ec233a53f332e6d21a4cb8e7db89c6dbe00,17655,384000000
74999388,0x1d7f5011f0dcc11e0fb4c5ae4a5befe07cb1b4ea5e642167e464219935423fd5,432,0x16f027dbaec0e4884ed8ea79567914f8f7e4a28d,0xd3fbb21672c1d66adb1cd1afdb8b36922eb77b3921230b63cb0a009a59871000,768,60000000
74999569,0xc8784f72c2593c210b596cb8c16bd7ed530fe5a32f9bce03468e6ec74a2905ae,239,0x490f66ea703fc8fae19fd231c9921e3f4c0c17e5,0x289dc66d9938b32cb340a630d13de0a91e3e04e0dc62a219a26a16e6f9cc2600,703,1052000000
74999671,0x06b3549d1c49d6f8e718882ae029943f4a9283844256222c175c7e1a31917924,1016,0xb48b9192dc52eed724fa58c66fa8926d06a3648e,0x9447fbfbd7505235a2799839cad058d3b2e89158a88d79a765b3d259140b5900,12,71034428
74999925,0x4da0506d551c679b80291012e1ec44457c6a78dce9085da3892303f2b265411e,403,0x8970b56535153baadee991ca25a178ac085636b5,0x82019eec7b2108abd06e541f87ead79768e91b9a500dfc0853b15f0d42eda800,31,102560000
74999953,0x0422a98e7c8dd20785b9fc66cf2e1e9e63ebda03c6c5377b77fe3985a3b2c03d,1270,0x7740253843b20007a4c99c3766878351002acbcd,0xa5e70ee6c9d6afd5f88c1c8281a64d659233bf4588785142e5ae07e1dd970600,12,13620000
74999969,0x7b7f452946928c38386bc52177632e0322c215c5d08d3f10ee917598329adb64,285,0xa61ef8773ec2e821962306ca87d4b57e39ff0abd,0x85d7c9f6da343d5a539c59944f98ba6876fb01c699e4c788ab8c7454f51d1c00,2,1017095251
74999998,0x77fd05fd28d7207494120708349b6b1d39ee5ce2a5505895ce1cf649d00ac0e6,445,0x21064fd320bfd5a86f8c92a94d3209edf4154dea,0x9205006e6b7c286d0fb338bb9b94302f8db65f5b68abb54cc5396a2ed8453000,128,400000000
