block_number,tx_hash,log_index,stakeholder,collateralToken,parentCollectionId,conditionId,partition,amount
74999002,0x3fcf7537bdd1d89199ec92cd83e99e422a7944d5ea7e5d0e93f960a13a6f72d3,338,0xd91e80cf2e7be2e162c6513ced06f1dd0da35296,0x3a3bd7bb9528e159577f7c2e685cc81a765002e2,0x0000000000000000000000000000000000000000000000000000000000000000,0x02dc46f4354c1cc447577db82ba62cca1bda737bd67b73fe966ce1bfe580868f,"[1, 2]",500000000
74999008,0xd313b79904f4238d57f55ad70651f74aa86476c11d83e3040e8e3321ff7749d1,548,0x3d2d66eb933cfa7aa7b9fc21e6614f080de99360,0x2791bca1f2de4661ed88a30c99a7a9449aa84174,0x0000000000000000000000000000000000000000000000000000000000000000,0x687a560d75e106303717a92786946084419ecba08e442ec8e6af07e949e6a5af,"[2, 1]",31129031
74999009,0x3201b6f4be53dbcd6c041c6bec4cf810363ece2e40057d338eeffd16449e4f3b,395,0xb563eb0184543459596fd1011d013b7451600115,0x2791bca1f2de4661ed88a30c99a7a9449aa84174,0x0000000000000000000000000000000000000000000000000000000000000000,0x97fa80196ac9adb239723493b394da33a3df73a30814bf6e3b9a8fe785341a5d,"[2, 1]",122992500
74999011,0xa315b978dc967b64c25f620453ebc76a2721ddc17b4f4551f6c2e726abc1afd6,502,0xd91e80cf2e7be2e162c6513ced06f1dd0da35296,0x3a3bd7bb9528e159577f7c2e685cc81a765002e2,0x0000000000000000000000000000000000000000000000000000000000000000,0x7ad403c3508f8e3912940fd1a913f227591145ca0614074208e0b962d5fcc422,"[1, 2]",11830000
74999017,0x0d761a0cd38e1f8916a2426a904ccbb19c1211f1c2ca0b2136e62fa9fb644073,264,0x3d2d66eb933cfa7aa7b9fc21e6614f080de99360,0x2791bca1f2de4661ed88a30c99a7a9449aa84174,0x0000000000000000000000000000000000000000000000000000000000000000,0x687a560d75e106303717a92786946084419ecba08e442ec8e6af07e949e6a5af,"[2, 1]",29999996
74999018,0xc774d74a687c412f3e49767d1a0bfca6f5d16d590a76d7d275f0c6793bfa8a5c,406,0xb563eb0184543459596fd1011d013b7451600115,0x2791bca1f2de4661ed88a30c99a7a9449aa84174,0x0000000000000000000000000000000000000000000000000000000000000000,0x97fa80196ac9adb239723493b394da33a3df73a30814bf6e3b9a8fe785341a5d,"[1, 2]",138008040
74999022,0x489bf91b835d099afe7711b2720fc3ac9e17729992fbe0ecc6ec0d55a1c0938a,273,0xb563eb0184543459596fd1011d013b7451600115,0x2791bca1f2de4661ed88a30c99a7a9449aa84174,0x0000000000000000000000000000000000000000000000000000000000000000,0x687a560d75e106303717a92786946084419ecba08e442ec8e6af07e949e6a5af,"[1, 2]",101000000
74999025,0xd5482e427debdc1d952366fa2c3240a0cf725ae838213ec3be789de0b69bdcc7,426,0x3d2d66eb933cfa7aa7b9fc21e6614f080de99360,0x2791bca1f2de4661ed88a30c99a7a9449aa84174,0x0000000000000000000000000000000000000000000000000000000000000000,0x97fa80196ac9adb239723493b394da33a3df73a30814bf6e3b9a8fe785341a5d,"[2, 1]",1282050
74999029,0x3f6135dce7fef66aefd20901e18310285f62082104527b12e66d6dd32dedd07c,353,0x3d2d66eb933cfa7aa7b9fc21e6614f080de99360,0x2791bca1f2de4661ed88a30c99a7a9449aa84174,0x0000000000000000000000000000000000000000000000000000000000000000,0x687a560d75e106303717a92786946084419ecba08e442ec8e6af07e949e6a5af,"[2, 1]",5800000
74999031,0xa92fdbc37a32718549393b306e8ba1e67647de6978b7b7607b396f1f14bc29f0,467,0xb563eb0184543459596fd1011d013b7451600115,0x2791bca1f2de4661ed88a30c99a7a9449aa84174,0x0000000000000000000000000000000000000000000000000000000000000000,0x687a560d75e106303717a92786946084419ecba08e442ec8e6af07e949e6a5af,"[2, 1]",126129207
74999036,0xe18c4a30d1fbd40f408c6572a9b3205c3a10502a81155d42f9e9f492b257e198,314,0xb563eb0184543459596fd1011d013b7451600115,0x2791bca1f2de4661ed88a30c99a7a9449aa84174,0x0000000000000000000000000000000000000000000000000000000000000000,0x97fa80196ac9adb239723493b394da33a3df73a30814bf6e3b9a8fe785341a5d,"[1, 2]",3000000
74999038,0x65ba1907dfd2a73c34680c81c1954edc7df23682a50c27deb61db49a515b7343,347,0x3d2d66eb933cfa7aa7b9fc21e6614f080de99360,0x2791bca1f2de4661ed88a30c99a7a9449aa84174,0x0000000000000000000000000000000000000000000000000000000000000000,0x687a560d75e106303717a92786946084419ecba08e442ec8e6af07e949e6a5af,"[1, 2]",212962274
74999041,0x47148c062a4d77d2a438c6e5db85fecb98e42243f98b21cbcd096c6ed9255a70,430,0x4bfb41d5b3570defd03c39a9a4d8de6bd8b8982e,0x2791bca1f2de4661ed88a30c99a7a9449aa84174,0x0000000000000000000000000000000000000000000000000000000000000000,0xe7a70c629072e2e136b40d9f8cd18364343fc2e5b6557819afb9c0944370627a,"[1, 2]",2030000
74999043,0xd8c3629e769e4f0c33269576211d1c93d448a9fd418c83391579be07cf5d01af,290,0x3d2d66eb933cfa7aa7b9fc21e6614f080de99360,0x2791bca1f2de4661ed88a30c99a7a9449aa84174,0x0000000000000000000000000000000000000000000000000000000000000000,0x762a68aea762d8b0b3b4bf82a86b920cca68988c3841f25c4ec198870a1337f4,"[2, 1]",37000000
74999044,0x53bb648773cb3e12e9b64c4a3d343a3d3094cf223f2ee3e3a23f455388b3211b,260,0xb563eb0184543459596fd1011d013b7451600115,0x2791bca1f2de4661ed88a30c99a7a9449aa84174,0x0000000000000000000000000000000000000000000000000000000000000000,0x687a560d75e106303717a92786946084419ecba08e442ec8e6af07e949e6a5af,"[1, 2]",233870793
74999048,0x7d83d9fa4478dd85ba0a39702c914ec9cebebe9879618cfe05ee417fe339e9a2,1088,0xb563eb0184543459596fd1011d013b7451600115,0x2791bca1f2de4661ed88a30c99a7a9449aa84174,0x0000000000000000000000000000000000000000000000000000000000000000,0x97fa80196ac9adb239723493b394da33a3df73a30814bf6e3b9a8fe785341a5d,"[1, 2]",10000000
74999052,0xff5246db6e544fc97a8901982e603e07a6c622459234b078804b2f695dec8ca6,1222,0x3d2d66eb933cfa7aa7b9fc21e6614f080de99360,0x2791bca1f2de4661ed88a30c99a7a9449aa84174,0x0000000000000000000000000000000000000000000000000000000000000000,0x762a68aea762d8b0b3b4bf82a86b920cca68988c3841f25c4ec198870a1337f4,"[2, 1]",120000000
74999053,0xe1dede30a8bcc3a656d87532a64f2f82c3dfad7f59e63a776642c018b4f55ec4,641,0x4bfb41d5b3570defd03c39a9a4d8de6bd8b8982e,0x2791bca1f2de4661ed88a30c99a7a9449aa84174,0x0000000000000000000000000000000000000000000000000000000000000000,0xcdeb1405847deab2d947656d33faade14bd5c8f7a93f9d64e945dae227f8b8cf,"[1, 2]",10000
74999056,0x2211651b2b2066276bd825fbca729d2341b9580d699402a6549d16cb7f8a80a3,1140,0x4bfb41d5b3570defd03c39a9a4d8de6bd8b8982e,0x2791bca1f2de4661ed88a30c99a7a9449aa84174,0x0000000000000000000000000000000000000000000000000000000000000000,0xe7a70c629072e2e136b40d9f8cd18364343fc2e5b6557819afb9c0944370627a,"[1, 2]",28850000
74999056,0x2211651b2b2066276bd825fbca729d2341b9580d699402a6549d16cb7f8a80a3,1150,0x4bfb41d5b3570defd03c39a9a4d8de6bd8b8982e,0x2791bca1f2de4661ed88a30c99a7a9449aa84174,0x0000000000000000000000000000000000000000000000000000000000000000,0xe7a70c629072e2e136b40d9f8cd18364343fc2e5b6557819afb9c0944370627a,"[1, 2]",169590000
74999061,0x2b1574929065d339c056d1516997b53b58e06b112690c06dfcee24795f23e320,231,0x3d2d66eb933cfa7aa7b9fc21e6614f080de99360,0x2791bca1f2de4661ed88a30c99a7a9449aa84174,0x0000000000000000000000000000000000000000000000000000000000000000,0x97fa80196ac9adb239723493b394da33a3df73a30814bf6e3b9a8fe785341a5d,"[2, 1]",25000000
74999071,0xa5ca702af3d6f7dd3a0ec66ac6cd2485d12bfd6e20c439e137fc50a535167a2a,344,0xb563eb0184543459596fd1011d013b7451600115,0x2791bca1f2de4661ed88a30c99a7a9449aa84174,0x0000000000000000000000000000000000000000000000000000000000000000,0x687a560d75e106303717a92786946084419ecba08e442ec8e6af07e949e6a5af,"[1, 2]",40000000
74999073,0x7c9e9a659d50841a739c67a9696d5821eea1d9c5cd13dd6a5cd8107dc1a7e716,656,0x331ab85c43da2ab7c71f9678e5886f7328d9d80e,0x2791bca1f2de4661ed88a30c99a7a9449aa84174,0x0000000000000000000000000000000000000000000000000000000000000000,0x687a560d75e106303717a92786946084419ecba08e442ec8e6af07e949e6a5af,"[1, 2]",10000000
74999077,0xae261099781be5ff12fcfe0a5f6d86ab482533cdbabc35ef2237fe2dc4e734bd,476,0x3d2d66eb933cfa7aa7b9fc21e6614f080de99360,0x2791bca1f2de4661ed88a30c99a7a9449aa84174,0x0000000000000000000000000000000000000000000000000000000000000000,0x97fa80196ac9adb239723493b394da33a3df73a30814bf6e3b9a8fe785341a5d,"[2, 1]",5000000
74999079,0xdd7f642c6fa0e5a31c88395e73120b21d04ae2e86dc97ee4419f36f9be886082,416,0xb563eb0184543459596fd1011d013b7451600115,0x2791bca1f2de4661ed88a30c99a7a9449aa84174,0x0000000000000000000000000000000000000000000000000000000000000000,0x687a560d75e106303717a92786946084419ecba08e442ec8e6af07e949e6a5af,"[1, 2]",80000000
74999086,0xe81b5137f3def895cc9a3b7bf82674c16409576e13fd147df5cfbd6f772f7d38,408,0x3c04e10977cf7585e99369e4c2dac04262bf3bb2,0x2791bca1f2de4661ed88a30c99a7a9449aa84174,0x0000000000000000000000000000000000000000000000000000000000000000,0x97fa80196ac9adb239723493b394da33a3df73a30814bf6e3b9a8fe785341a5d,"[1, 2]",12000000
74999086,0xe73fc1daf54a3156f0bb73b60242090cca1b8782b4d2b0bfc9cb9dbe99876694,415,0x3d2d66eb933cfa7aa7b9fc21e6614f080de99360,0x2791bca1f2de4661ed88a30c99a7a9449aa84174,0x0000000000000000000000000000000000000000000000000000000000000000,0x762a68aea762d8b0b3b4bf82a86b920cca68988c3841f25c4ec198870a1337f4,"[2, 1]",240000000
74999088,0xba6ecd47a859ca81e9c30536b0096f63b47c91e8d5e72124a7dd0fe667384f03,883,0xb563eb0184543459596fd1011d013b7451600115,0x2791bca1f2de4661ed88a30c99a7a9449aa84174,0x0000000000000000000000000000000000000000000000000000000000000000,0x687a560d75e106303717a92786946084419ecba08e442ec8e6af07e949e6a5af,"[2, 1]",16165561
74999089,0x9e92679fc38e057a0248a0268c93f11d80f1aaf36b040d1d1894542f2205fe98,620,0x3d2d66eb933cfa7aa7b9fc21e6614f080de99360,0x2791bca1f2de4661ed88a30c99a7a9449aa84174,0x0000000000000000000000000000000000000000000000000000000000000000,0x687a560d75e106303717a92786946084419ecba08e442ec8e6af07e949e6a5af,"[1, 2]",68148147
74999092,0x10736c5420aac6de5580907598c278b75e7c5ab873c25146c59556cb47b2674f,374,0xb563eb0184543459596fd1011d013b7451600115,0x2791bca1f2de4661ed88a30c99a7a9449aa84174,0x0000000000000000000000000000000000000000000000000000000000000000,0x97fa80196ac9adb239723493b394da33a3df73a30814bf6e3b9a8fe785341a5d,"[1, 2]",137333332
74999093,0x7a40f11e1dfccb5ecf582013af9ba8db0897e760bb2272711f0eae2fb716a42e,266,0x3d2d66eb933cfa7aa7b9fc21e6614f080de99360,0x2791bca1f2de4661ed88a30c99a7a9449aa84174,0x0000000000000000000000000000000000000000000000000000000000000000,0x97fa80196ac9adb239723493b394da33a3df73a30814bf6e3b9a8fe785341a5d,"[2, 1]",109798846
74999099,0xe1f010d77d8a0634b34b1978ef6a4383524c0e518ba450e33e7393a5c131717d,437,0x4bfb41d5b3570defd03c39a9a4d8de6bd8b8982e,0x2791bca1f2de4661ed88a30c99a7a9449aa84174,0x0000000000000000000000000000000000000000000000000000000000000000,0x97fa80196ac9adb239723493b394da33a3df73a30814bf6e3b9a8fe785341a5d,"[1, 2]",25000000
74999099,0xa328f80e96e8248d5b299eedd30e72a3194cdbf1a3bb9cefe2294ae1dac2e956,457,0x4bfb41d5b3570defd03c39a9a4d8de6bd8b8982e,0x2791bca1f2de4661ed88a30c99a7a9449aa84174,0x0000000000000000000000000000000000000000000000000000000000000000,0x97fa80196ac9adb239723493b394da33a3df73a30814bf6e3b9a8fe785341a5d,"[1, 2]",12000000
74999099,0xb9d8c75b1c5be07a2cab9c0ad4f8e4e57c44db599f250d103ad04a1d1207eea0,491,0x4bfb41d5b3570defd03c39a9a4d8de6bd8b8982e,0x2791bca1f2de4661ed88a30c99a7a9449aa84174,0x0000000000000000000000000000000000000000000000000000000000000000,0x97fa80196ac9adb239723493b394da33a3df73a30814bf6e3b9a8fe785341a5d,"[1, 2]",8000000
74999104,0xd5a2ee30a62f5a8f7f99041af5223b941f08d656453d52d97e14837a671881f0,643,0x3c04e10977cf7585e99369e4c2dac04262bf3bb2,0x2791bca1f2de4661ed88a30c99a7a9449aa84174,0x0000000000000000000000000000000000000000000000000000000000000000,0x687a560d75e106303717a92786946084419ecba08e442ec8e6af07e949e6a5af,"[1, 2]",14000000
74999104,0xd73e3921b9f62338e388f62ca98df68bff6aacbad3ded98ab56138a4ea596939,713,0x3d2d66eb933cfa7aa7b9fc21e6614f080de99360,0x2791bca1f2de4661ed88a30c99a7a9449aa84174,0x0000000000000000000000000000000000000000000000000000000000000000,0x687a560d75e106303717a92786946084419ecba08e442ec8e6af07e949e6a5af,"[2, 1]",166867590
74999105,0x027c2082798b3b0762cc05e5e407757fe736a0b742ec4b01230ab6e640054faf,3,0xd91e80cf2e7be2e162c6513ced06f1dd0da35296,0x3a3bd7bb9528e159577f7c2e685cc81a765002e2,0x0000000000000000000000000000000000000000000000000000000000000000,0xebddfcf7b4401dade8b4031770a1ab942b01854f3bed453d5df9425cd9f211a9,"[1, 2]",25000000
74999105,0xda4eb63f69192ec21fffaa7488eebb457c5975d64f4081f6b6f25e5d4852a0a8,317,0xb563eb0184543459596fd1011d013b7451600115,0x2791bca1f2de4661ed88a30c99a7a9449aa84174,0x0000000000000000000000000000000000000000000000000000000000000000,0x687a560d75e106303717a92786946084419ecba08e442ec8e6af07e949e6a5af,"[1, 2]",223834439
74999107,0x90bc0577c73a8ac6f1174fa2fbae3d9aa97ec863464588436a384c9aa41fcebf,319,0x3d2d66eb933cfa7aa7b9fc21e6614f080de99360,0x2791bca1f2de4661ed88a30c99a7a9449aa84174,0x0000000000000000000000000000000000000000000000000000000000000000,0x762a68aea762d8b0b3b4bf82a86b920cca68988c3841f25c4ec198870a1337f4,"[2, 1]",1160000
74999114,0x2128a11db8c00b78c2e0b23e5a7d9b817e400d234c33b76f584df01160f98bd0,355,0xb563eb0184543459596fd1011d013b7451600115,0x2791bca1f2de4661ed88a30c99a7a9449aa84174,0x0000000000000000000000000000000000000000000000000000000000000000,0x762a68aea762d8b0b3b4bf82a86b920cca68988c3841f25c4ec198870a1337f4,"[2, 1]",30530000
74999114,0x95fd34e6dacc3cccd797075c424946006a3720d97a93674e1a70ef45dfb89dd8,875,0x4bfb41d5b3570defd03c39a9a4d8de6bd8b8982e,0x2791bca1f2de4661ed88a30c99a7a9449aa84174,0x0000000000000000000000000000000000000000000000000000000000000000,0xe9c4bd705d3726ea3fb0846a1d23cec2a1d626c9369b5ac4a2a3c5ed1b021d13,"[1, 2]",100000000
74999115,0x617ff4a751e27c97e9623280df5aeca052f7c3e3f42a178010a2f1bdad57993d,363,0x3d2d66eb933cfa7aa7b9fc21e6614f080de99360,0x2791bca1f2de4661ed88a30c99a7a9449aa84174,0x0000000000000000000000000000000000000000000000000000000000000000,0x687a560d75e106303717a92786946084419ecba08e442ec8e6af07e949e6a5af,"[1, 2]",83132410
74999118,0xcd6d466d4dd017afe6cba1e36eb334a986e56916a82e270ce2f56d9514f08504,296,0x3c04e10977cf7585e99369e4c2dac04262bf3bb2,0x2791bca1f2de4661ed88a30c99a7a9449aa84174,0x0000000000000000000000000000000000000000000000000000000000000000,0x97fa80196ac9adb239723493b394da33a3df73a30814bf6e3b9a8fe785341a5d,"[1, 2]",10000000
74999118,0x1573fe9965e750c8efb0c4ee9bac3d2e3d671181c197e87de7259abe7724e9ba,323,0xb563eb0184543459596fd1011d013b7451600115,0x2791bca1f2de4661ed88a30c99a7a9449aa84174,0x0000000000000000000000000000000000000000000000000000000000000000,0x687a560d75e106303717a92786946084419ecba08e442ec8e6af07e949e6a5af,"[2, 1]",16165561
74999120,0xcc283db8b52a168a9fa8130aa042de1a7f13ac44ad8eeccb619cb07a161ff374,1294,0x3d2d66eb933cfa7aa7b9fc21e6614f080de99360,0x2791bca1f2de4661ed88a30c99a7a9449aa84174,0x0000000000000000000000000000000000000000000000000000000000000000,0xb55fa9808f19d45611602855d5f2284355a82df5de76b0392059370424d6bca9,"[2, 1]",5000000
74999124,0xccd41f2cd638d66c436f18984183d23dd56314b0eb9fae6f01ba3bed761f275d,349,0x3d2d66eb933cfa7aa7b9fc21e6614f080de99360,0x2791bca1f2de4661ed88a30c99a7a9449aa84174,0x0000000000000000000000000000000000000000000000000000000000000000,0x97fa80196ac9adb239723493b394da33a3df73a30814bf6e3b9a8fe785341a5d,"[2, 1]",40000000
74999131,0x16d285b665ae36d6f0d0d218d7387d3070a48525f7f51ed157ab72521d592bca,776,0x4bfb41d5b3570defd03c39a9a4d8de6bd8b8982e,0x2791bca1f2de4661ed88a30c99a7a9449aa84174,0x0000000000000000000000000000000000000000000000000000000000000000,0xef726190aac0bd22c81784862f47a6fe7a95e525822240a6bfc323ebe8ac9a0f,"[1, 2]",72670000
74999136,0x43646a4892f7f7dda5bffe20fd4ca9224fde1dc8d6d63d6eea359f089c3e5ec8,791,0xb563eb0184543459596fd1011d013b7451600115,0x2791bca1f2de4661ed88a30c99a7a9449aa84174,0x0000000000000000000000000000000000000000000000000000000000000000,0x687a560d75e106303717a92786946084419ecba08e442ec8e6af07e949e6a5af,"[2, 1]",1530000
74999137,0x4ba7db9a7ad06aaad790a153d0d0c530edf9a121ce1805cffb8fe5a2e5bb7fa0,313,0x3d2d66eb933cfa7aa7b9fc21e6614f080de99360,0x2791bca1f2de4661ed88a30c99a7a9449aa84174,0x0000000000000000000000000000000000000000000000000000000000000000,0x762a68aea762d8b0b3b4bf82a86b920cca68988c3841f25c4ec198870a1337f4,"[2, 1]",185000000
74999140,0x7195a52b92e302c7322c65c056de78aa7a18be2ea388482e62209653cdabd2ce,328,0x4bfb41d5b3570defd03c39a9a4d8de6bd8b8982e,0x2791bca1f2de4661ed88a30c99a7a9449aa84174,0x0000000000000000000000000000000000000000000000000000000000000000,0xb55fa9808f19d45611602855d5f2284355a82df5de76b0392059370424d6bca9,"[1, 2]",10060000
74999145,0xb00798fc3cb019ab072b6a3c412a707c1c444e6c31d698865a1caf72d3949e96,473,0xb563eb0184543459596fd1011d013b7451600115,0x2791bca1f2de4661ed88a30c99a7a9449aa84174,0x0000000000000000000000000000000000000000000000000000000000000000,0x97fa80196ac9adb239723493b394da33a3df73a30814bf6e3b9a8fe785341a5d,"[1, 2]",10100000
74999145,0xf1f136da26d951634d8abb6f540f7a5639a7ebc23199d40293ee9ee13fb29dba,534,0x4bfb41d5b3570defd03c39a9a4d8de6bd8b8982e,0x2791bca1f2de4661ed88a30c99a7a9449aa84174,0x0000000000000000000000000000000000000000000000000000000000000000,0xb55fa9808f19d45611602855d5f2284355a82df5de76b0392059370424d6bca9,"[1, 2]",27650000
74999148,0x6b60058e64d44122e4596e805e81aa1170df3dcef66b024e677a8778be7b5275,258,0xd91e80cf2e7be2e162c6513ced06f1dd0da35296,0x3a3bd7bb9528e159577f7c2e685cc81a765002e2,0x0000000000000000000000000000000000000000000000000000000000000000,0x9c60e608e40b658cf15c18b0aaaddda7c6614e66187ec4ecc34be6c8526ef16f,"[1, 2]",113000000
74999150,0xcd5629e4dfe93fe51346112dc43341a393721142a510b722cd0cee33aca8c6d6,429,0x4bfb41d5b3570defd03c39a9a4d8de6bd8b8982e,0x2791bca1f2de4661ed88a30c99a7a9449aa84174,0x0000000000000000000000000000000000000000000000000000000000000000,0x67dc934ebd53e9f87ab6aa8634e18fbe4489e9e9e9e7b43ba2a9897ecbdc734e,"[1, 2]",8270000
74999163,0x7bc3c997aea09fd94d4c1fa490a8abe82191deba0695e025c9b8424a03e2293c,285,0xb563eb0184543459596fd1011d013b7451600115,0x2791bca1f2de4661ed88a30c99a7a9449aa84174,0x0000000000000000000000000000000000000000000000000000000000000000,0x97fa80196ac9adb239723493b394da33a3df73a30814bf6e3b9a8fe785341a5d,"[1, 2]",120000000
74999168,0xaec9958c284d08a056719f655e91712872a2897347765e9ec207afe652abec79,1366,0x4bfb41d5b3570defd03c39a9a4d8de6bd8b8982e,0x2791bca1f2de4661ed88a30c99a7a9449aa84174,0x0000000000000000000000000000000000000000000000000000000000000000,0xb55fa9808f19d45611602855d5f2284355a82df5de76b0392059370424d6bca9,"[1, 2]",3510000
74999169,0x48946a338249c8a458ba396d874b11eb4d95f0e583acababa0c1a563a237bbd2,321,0x3d2d66eb933cfa7aa7b9fc21e6614f080de99360,0x2791bca1f2de4661ed88a30c99a7a9449aa84174,0x0000000000000000000000000000000000000000000000000000000000000000,0x97fa80196ac9adb239723493b394da33a3df73a30814bf6e3b9a8fe785341a5d,"[2, 1]",10000000
74999178,0x86a492ebdac6ea09fac3446f0872b464afcde9239e3da28df396b90bb70b52fc,975,0x3d2d66eb933cfa7aa7b9fc21e6614f080de99360,0x2791bca1f2de4661ed88a30c99a7a9449aa84174,0x0000000000000000000000000000000000000000000000000000000000000000,0x762a68aea762d8b0b3b4bf82a86b920cca68988c3841f25c4ec198870a1337f4,"[2, 1]",166000000
74999185,0x9260a3677ee101a6e57827a7128e0c8b3fcb1eadcfa86458e6ce2fa4e4714319,606,0x4bfb41d5b3570defd03c39a9a4d8de6bd8b8982e,0x2791bca1f2de4661ed88a30c99a7a9449aa84174,0x0000000000000000000000000000000000000000000000000000000000000000,0x97fa80196ac9adb239723493b394da33a3df73a30814bf6e3b9a8fe785341a5d,"[1, 2]",2000000
74999186,0x448ba70ba27521931b7fe23f08682ea2e2aea03066eab698926f96c7c40fa5fa,391,0x3d2d66eb933cfa7aa7b9fc21e6614f080de99360,0x2791bca1f2de4661ed88a30c99a7a9449aa84174,0x0000000000000000000000000000000000000000000000000000000000000000,0x762a68aea762d8b0b3b4bf82a86b920cca68988c3841f25c4ec198870a1337f4,"[1, 2]",58120129
74999190,0x4a09ce8c253e88007a7534875e66efbc760b55a3ef30734d92eddf995dda7242,461,0xb563eb0184543459596fd1011d013b7451600115,0x2791bca1f2de4661ed88a30c99a7a9449aa84174,0x0000000000000000000000000000000000000000000000000000000000000000,0x687a560d75e106303717a92786946084419ecba08e442ec8e6af07e949e6a5af,"[1, 2]",71194439
74999193,0x50f71f10719ddc8d87439325137a116a1ad1b648bc0699b32d8201b0ec04c12f,360,0x3c04e10977cf7585e99369e4c2dac04262bf3bb2,0x2791bca1f2de4661ed88a30c99a7a9449aa84174,0x0000000000000000000000000000000000000000000000000000000000000000,0x97fa80196ac9adb239723493b394da33a3df73a30814bf6e3b9a8fe785341a5d,"[1, 2]",12000000
74999195,0x653e1f9bf19cff75621f6374ef5c3af97b7ef4935e5723c9d385be23bb8b1407,385,0x3d2d66eb933cfa7aa7b9fc21e6614f080de99360,0x2791bca1f2de4661ed88a30c99a7a9449aa84174,0x0000000000000000000000000000000000000000000000000000000000000000,0x97fa80196ac9adb239723493b394da33a3df73a30814bf6e3b9a8fe785341a5d,"[2, 1]",21545453
74999198,0xb4f777272fc41c65b8d490266c8f6e6be9e5a992ba6b344ee0ed7cf36c6a14f5,223,0xb563eb0184543459596fd1011d013b7451600115,0x2791bca1f2de4661ed88a30c99a7a9449aa84174,0x0000000000000000000000000000000000000000000000000000000000000000,0x97fa80196ac9adb239723493b394da33a3df73a30814bf6e3b9a8fe785341a5d,"[2, 1]",22058628
74999202,0x33c7b2034d619c8d2669b60409fbb6366e7d12714218dfe65b9419a8cc70d902,384,0x3d2d66eb933cfa7aa7b9fc21e6614f080de99360,0x2791bca1f2de4661ed88a30c99a7a9449aa84174,0x0000000000000000000000000000000000000000000000000000000000000000,0x97fa80196ac9adb239723493b394da33a3df73a30814bf6e3b9a8fe785341a5d,"[2, 1]",62307691
74999205,0x604e52794802749132ef4ad5aff918049b73018c07d3aac16d0b20535b147f9b,313,0x3d2d66eb933cfa7aa7b9fc21e6614f080de99360,0x2791bca1f2de4661ed88a30c99a7a9449aa84174,0x0000000000000000000000000000000000000000000000000000000000000000,0x762a68aea762d8b0b3b4bf82a86b920cca68988c3841f25c4ec198870a1337f4,"[1, 2]",1500000
74999205,0xbe6e26cf065c7d9938a0058fe16062e26902d3ffd3f2d51bf501765ce1d25fb2,339,0x4bfb41d5b3570defd03c39a9a4d8de6bd8b8982e,0x2791bca1f2de4661ed88a30c99a7a9449aa84174,0x0000000000000000000000000000000000000000000000000000000000000000,0x9e2ada45732ff2ce8685b32088285bac5b5490d11485d4067fde789cb5144b29,"[1, 2]",218000000
74999206,0xb8af4c1b8c442a3e687fff51fec872d4709e8a5e6da08a687d1bdd5fd3b7a192,417,0x4bfb41d5b3570defd03c39a9a4d8de6bd8b8982e,0x2791bca1f2de4661ed88a30c99a7a9449aa84174,0x0000000000000000000000000000000000000000000000000000000000000000,0xd8abd2e16448e67a54cdef29c16d7b45d2153c47dda6c0dcb18a955160129b9c,"[1, 2]",16000000
74999206,0xb8af4c1b8c442a3e687fff51fec872d4709e8a5e6da08a687d1bdd5fd3b7a192,423,0x4bfb41d5b3570defd03c39a9a4d8de6bd8b8982e,0x2791bca1f2de4661ed88a30c99a7a9449aa84174,0x0000000000000000000000000000000000000000000000000000000000000000,0xd8abd2e16448e67a54cdef29c16d7b45d2153c47dda6c0dcb18a955160129b9c,"[1, 2]",103000000
74999213,0xa8ac8bfe39ac759aa1ec0e0ea76feb1735e4212534d2976dd944f27fce21683e,1143,0x3d2d66eb933cfa7aa7b9fc21e6614f080de99360,0x2791bca1f2de4661ed88a30c99a7a9449aa84174,0x0000000000000000000000000000000000000000000000000000000000000000,0x762a68aea762d8b0b3b4bf82a86b920cca68988c3841f25c4ec198870a1337f4,"[2, 1]",134379871
74999214,0xedc970d5618adfd1cf21d1ea3992fe0ad688b0a81a0db81dd5a161ac351cadfe,343,0xd91e80cf2e7be2e162c6513ced06f1dd0da35296,0x3a3bd7bb9528e159577f7c2e685cc81a765002e2,0x0000000000000000000000000000000000000000000000000000000000000000,0x01347cc520df1a70fd7a5e6caf7fd522e6a5d5aad88720d6c054ae2c9b2885a5,"[1, 2]",150910000
74999216,0x7d8c9d31cc84884aad99fd9267dc3dcfb03641bfc53f29a0fc86b00c834f2b8b,549,0xd91e80cf2e7be2e162c6513ced06f1dd0da35296,0x3a3bd7bb9528e159577f7c2e685cc81a765002e2,0x0000000000000000000000000000000000000000000000000000000000000000,0x3535fb2f4aef6619dde8b367cb5e5d209526bb496d5d9778428c58a0252435e3,"[1, 2]",108000000
74999216,0xebd4e8ba31fceb5862eb9936dae6dad35b5dd0bbfb8db8757d0fe120815bf4c4,604,0xb563eb0184543459596fd1011d013b7451600115,0x2791bca1f2de4661ed88a30c99a7a9449aa84174,0x0000000000000000000000000000000000000000000000000000000000000000,0x97fa80196ac9adb239723493b394da33a3df73a30814bf6e3b9a8fe785341a5d,"[2, 1]",46578945
74999216,0x1a8cc8f30a1499debd99b46b9806c649c85daf1d486dc541e7a562343c4895e5,608,0x3d2d66eb933cfa7aa7b9fc21e6614f080de99360,0x2791bca1f2de4661ed88a30c99a7a9449aa84174,0x0000000000000000000000000000000000000000000000000000000000000000,0x687a560d75e106303717a92786946084419ecba08e442ec8e6af07e949e6a5af,"[1, 2]",20000000
74999217,0x6eb05ef96e1768a27fbe24b1b6661b2621d500a7356014f4b9011310587d79f9,266,0x3c04e10977cf7585e99369e4c2dac04262bf3bb2,0x2791bca1f2de4661ed88a30c99a7a9449aa84174,0x0000000000000000000000000000000000000000000000000000000000000000,0x97fa80196ac9adb239723493b394da33a3df73a30814bf6e3b9a8fe785341a5d,"[1, 2]",10000000
74999217,0x833e06a44992b05386e889500d63b52d76b5b832363271943a2d41ee0189aae4,297,0xd91e80cf2e7be2e162c6513ced06f1dd0da35296,0x3a3bd7bb9528e159577f7c2e685cc81a765002e2,0x0000000000000000000000000000000000000000000000000000000000000000,0x2993e8c18922f93787756e02dc262c193b79f05c7b952a0c9656e948f9977c88,"[1, 2]",90000000
74999218,0x65ad472e962e6528debbf76c3c59ce619d8ef45273bd22493171c5315dd2b2de,353,0x4bfb41d5b3570defd03c39a9a4d8de6bd8b8982e,0x2791bca1f2de4661ed88a30c99a7a9449aa84174,0x0000000000000000000000000000000000000000000000000000000000000000,0xff978244225c5ae27bd68ae7f03a40bea88581f5f119fcbce5eed17ee858908b,"[1, 2]",10000000
74999225,0x35fde2346bcabb29c1c412df89797224cc70c3ee1788eec9da57c3c881161efe,405,0x3d2d66eb933cfa7aa7b9fc21e6614f080de99360,0x2791bca1f2de4661ed88a30c99a7a9449aa84174,0x0000000000000000000000000000000000000000000000000000000000000000,0x97fa80196ac9adb239723493b394da33a3df73a30814bf6e3b9a8fe785341a5d,"[2, 1]",80000000
74999236,0xd6659c42e15fcad325f4fe8a99f37e22890fd9d97763e363ccb18104703c361f,502,0xd91e80cf2e7be2e162c6513ced06f1dd0da35296,0x3a3bd7bb9528e159577f7c2e685cc81a765002e2,0x0000000000000000000000000000000000000000000000000000000000000000,0x34c989bada239153e86a009b3d25539db4c86fc4df3e01d320f0bee58a7aef45,"[1, 2]",8681880000
74999236,0xd6659c42e15fcad325f4fe8a99f37e22890fd9d97763e363ccb18104703c361f,512,0xd91e80cf2e7be2e162c6513ced06f1dd0da35296,0x3a3bd7bb9528e159577f7c2e685cc81a765002e2,0x0000000000000000000000000000000000000000000000000000000000000000,0x34c989bada239153e86a009b3d25539db4c86fc4df3e01d320f0bee58a7aef45,"[1, 2]",818120000
74999243,0x6605982c0ec3230f3847b6aa3dde12e7b8b95ac873de90d6f44068c0eda7c2fd,420,0x3d2d66eb933cfa7aa7b9fc21e6614f080de99360,0x2791bca1f2de4661ed88a30c99a7a9449aa84174,0x0000000000000000000000000000000000000000000000000000000000000000,0x97fa80196ac9adb239723493b394da33a3df73a30814bf6e3b9a8fe785341a5d,"[1, 2]",45768731
74999246,0x0e3f3d9affac82aee57d6026f1492cd9729bc177c240f7d7c53ec83053bc0726,370,0x3c04e10977cf7585e99369e4c2dac04262bf3bb2,0x2791bca1f2de4661ed88a30c99a7a9449aa84174,0x0000000000000000000000000000000000000000000000000000000000000000,0x97fa80196ac9adb239723493b394da33a3df73a30814bf6e3b9a8fe785341a5d,"[1, 2]",11000000
74999247,0xa6c4c5b2a1c862acebff0814e9e06aa6450cd46460ffa7c50963d731cc019331,373,0xd91e80cf2e7be2e162c6513ced06f1dd0da35296,0x3a3bd7bb9528e159577f7c2e685cc81a765002e2,0x0000000000000000000000000000000000000000000000000000000000000000,0xe8d095422da9f6c3ceed727a4b6251177f618b002d2a698bfccb48716c7aa469,"[1, 2]",9500000000
74999248,0x3a57fdc6a95afd96f3bef4a53ce8f610eb2688e52c45651992ba20e9678789ff,857,0xb563eb0184543459596fd1011d013b7451600115,0x2791bca1f2de4661ed88a30c99a7a9449aa84174,0x0000000000000000000000000000000000000000000000000000000000000000,0x97fa80196ac9adb239723493b394da33a3df73a30814bf6e3b9a8fe785341a5d,"[2, 1]",17569442
74999262,0xf611506b08a7a380639a86d38ece5581661d48bf977632ad4967d6307d605c25,253,0xb563eb0184543459596fd1011d013b7451600115,0x2791bca1f2de4661ed88a30c99a7a9449aa84174,0x0000000000000000000000000000000000000000000000000000000000000000,0x762a68aea762d8b0b3b4bf82a86b920cca68988c3841f25c4ec198870a1337f4,"[2, 1]",120000000
74999264,0xc08a5e7f7366de992dc7761b442944abd40ce3af51e9784b78ddd821bf438c93,849,0x4bfb41d5b3570defd03c39a9a4d8de6bd8b8982e,0x2791bca1f2de4661ed88a30c99a7a9449aa84174,0x0000000000000000000000000000000000000000000000000000000000000000,0x97fa80196ac9adb239723493b394da33a3df73a30814bf6e3b9a8fe785341a5d,"[1, 2]",25000000
74999265,0xcf53649cf5d607059f7c8ee273d3c5678d753992051bc63cb99396502a0ecf08,206,0xd91e80cf2e7be2e162c6513ced06f1dd0da35296,0x3a3bd7bb9528e159577f7c2e685cc81a765002e2,0x0000000000000000000000000000000000000000000000000000000000000000,0x41434a1fecb0eebffb4f3f9d881c1e10a953549c0f1027c49f2d45912107f27c,"[1, 2]",240000000
74999265,0xcf53649cf5d607059f7c8ee273d3c5678d753992051bc63cb99396502a0ecf08,213,0xd91e80cf2e7be2e162c6513ced06f1dd0da35296,0x3a3bd7bb9528e159577f7c2e685cc81a765002e2,0x0000000000000000000000000000000000000000000000000000000000000000,0xcf3b45d79048e30b439b361a34fb835a3d46e07ef8c2bae5a10d31dff847f57b,"[1, 2]",100000000
74999265,0xcf53649cf5d607059f7c8ee273d3c5678d753992051bc63cb99396502a0ecf08,220,0xd91e80cf2e7be2e162c6513ced06f1dd0da35296,0x3a3bd7bb9528e159577f7c2e685cc81a765002e2,0x0000000000000000000000000000000000000000000000000000000000000000,0xd65c4072e48a82a9cd49e8e6be332792fb13e8e076134d860d110427fc01d374,"[1, 2]",90000000
74999274,0xa7684fb2b820d468d3622b39d573532521290561cbd059e7f20cf8d60ebd0e6a,345,0x4bfb41d5b3570defd03c39a9a4d8de6bd8b8982e,0x2791bca1f2de4661ed88a30c99a7a9449aa84174,0x0000000000000000000000000000000000000000000000000000000000000000,0x9e2ada45732ff2ce8685b32088285bac5b5490d11485d4067fde789cb5144b29,"[1, 2]",690000
74999275,0x944b0bd2a930d79510424949e425e2de491c28d4477d92a9750082f96eaf5222,198,0x8956effaba2dd607edf2f56b9ae12804a3aab3de,0x3c499c542cef5e3811e1192ce70d8cc03d5c3359,0x0000000000000000000000000000000000000000000000000000000000000000,0x1c4b3c0a4b30069494e4e19e9fba7b8d6aaaf97d63b1ee2155f66044cd040835,"[1, 2]",1000000
74999278,0x188094dbd57391f6c524a598218585d1ca859bd492e0ade5dafff86cb080093e,214,0x3c04e10977cf7585e99369e4c2dac04262bf3bb2,0x2791bca1f2de4661ed88a30c99a7a9449aa84174,0x0000000000000000000000000000000000000000000000000000000000000000,0x97fa80196ac9adb239723493b394da33a3df73a30814bf6e3b9a8fe785341a5d,"[1, 2]",12000000
74999280,0x8caa82300e528f72b02baaf9b39f331b927d22bc1aa7c0e80b93abc169de92db,383,0xb563eb0184543459596fd1011d013b7451600115,0x2791bca1f2de4661ed88a30c99a7a9449aa84174,0x0000000000000000000000000000000000000000000000000000000000000000,0x97fa80196ac9adb239723493b394da33a3df73a30814bf6e3b9a8fe785341a5d,"[1, 2]",153792985
74999282,0x4c5ee5accecd6e7ded5496fc37fb47b9fc7a082c7d7b006ac16002238e27eae5,470,0x4bfb41d5b3570defd03c39a9a4d8de6bd8b8982e,0x2791bca1f2de4661ed88a30c99a7a9449aa84174,0x0000000000000000000000000000000000000000000000000000000000000000,0x46dc560a09f07d8b6989bec851262e4df92ea0dd909631cf987afc88c8b8d729,"[1, 2]",30000000
74999283,0x77e0021470a4b9b469941d70864ea92cf241747b18244cbbb4999488baa2c46b,366,0x4bfb41d5b3570defd03c39a9a4d8de6bd8b8982e,0x2791bca1f2de4661ed88a30c99a7a9449aa84174,0x0000000000000000000000000000000000000000000000000000000000000000,0xb55fa9808f19d45611602855d5f2284355a82df5de76b0392059370424d6bca9,"[1, 2]",2530000
74999283,0x77e0021470a4b9b469941d70864ea92cf241747b18244cbbb4999488baa2c46b,372,0x4bfb41d5b3570defd03c39a9a4d8de6bd8b8982e,0x2791bca1f2de4661ed88a30c99a7a9449aa84174,0x0000000000000000000000000000000000000000000000000000000000000000,0xb55fa9808f19d45611602855d5f2284355a82df5de76b0392059370424d6bca9,"[1, 2]",2520000
74999283,0xe3757366cf24016e7a2490ed8e2fe317348c6565cb55a916451bacdcb8e3b59d,382,0xa90194f1586ebc98866acf5dd8f61ee188253e48,0x2791bca1f2de4661ed88a30c99a7a9449aa84174,0x0000000000000000000000000000000000000000000000000000000000000000,0xb55fa9808f19d45611602855d5f2284355a82df5de76b0392059370424d6bca9,"[1, 2]",1000000
74999295,0x2769914110a004a538cece90eaea3b65ca22f6eddabf4dce49262463546146d2,1068,0x843a6da3886cf889435cf0920659a00a68db8070,0x2791bca1f2de4661ed88a30c99a7a9449aa84174,0x0000000000000000000000000000000000000000000000000000000000000000,0x41eda073eeca4071d3a643a527bf8549851ff16c7e4b924a007671cb11920f98,"[1, 2]",168820000
74999295,0xd06a79725bbd3125b7f95727c46817024b716c77ed74f5a11d1df401b1a378e1,1106,0x4bfb41d5b3570defd03c39a9a4d8de6bd8b8982e,0x2791bca1f2de4661ed88a30c99a7a9449aa84174,0x0000000000000000000000000000000000000000000000000000000000000000,0xb55fa9808f19d45611602855d5f2284355a82df5de76b0392059370424d6bca9,"[1, 2]",5000000
74999312,0x57866a9e12e3179b85bffb0e4eae3c8cf3e4ac813ff17ed34c56b13ce7052f31,824,0x4bfb41d5b3570defd03c39a9a4d8de6bd8b8982e,0x2791bca1f2de4661ed88a30c99a7a9449aa84174,0x0000000000000000000000000000000000000000000000000000000000000000,0xb55fa9808f19d45611602855d5f2284355a82df5de76b0392059370424d6bca9,"[1, 2]",48470000
74999319,0xc07e4f71a7a8651f30b454ae93d62f98d66ca8733459a5df32663d7550495dfd,434,0x4bfb41d5b3570defd03c39a9a4d8de6bd8b8982e,0x2791bca1f2de4661ed88a30c99a7a9449aa84174,0x0000000000000000000000000000000000000000000000000000000000000000,0x02007d909546b9bc291b9b26fb1145a27158bb2be7d75db6d53638de3d7ef03b,"[1, 2]",293150000
74999331,0xca05f2463b65bfc9c78c8a7b1770a338d3e8e1adbf39bd36314b98255b999e8a,37,0xd91e80cf2e7be2e162c6513ced06f1dd0da35296,0x3a3bd7bb9528e159577f7c2e685cc81a765002e2,0x0000000000000000000000000000000000000000000000000000000000000000,0x58690e017be3967ea39e36e0247b0a35e70ff5a3acc2a41e521d003a696b3f26,"[1, 2]",299046
74999331,0xa22db52596e5d71131d0331871f89ebb2b322ec8177591b2021bcde223e5c3c8,556,0x4bfb41d5b3570defd03c39a9a4d8de6bd8b8982e,0x2791bca1f2de4661ed88a30c99a7a9449aa84174,0x0000000000000000000000000000000000000000000000000000000000000000,0xb80de907dbcdfc4efe8219c3f9544f02f4267556982a1013b641bf348aff21d4,"[1, 2]",10000000
74999331,0xa22db52596e5d71131d0331871f89ebb2b322ec8177591b2021bcde223e5c3c8,562,0x4bfb41d5b3570defd03c39a9a4d8de6bd8b8982e,0x2791bca1f2de4661ed88a30c99a7a9449aa84174,0x0000000000000000000000000000000000000000000000000000000000000000,0xb80de907dbcdfc4efe8219c3f9544f02f4267556982a1013b641bf348aff21d4,"[1, 2]",100000000
74999349,0xd3b4e62e3b984ae0131584a8a6ef1b6967cd227e2961c40985216a9ef3f5d80d,405,0x4bfb41d5b3570defd03c39a9a4d8de6bd8b8982e,0x2791bca1f2de4661ed88a30c99a7a9449aa84174,0x0000000000000000000000000000000000000000000000000000000000000000,0x27fa3741337f72bb571945794b5e0a2326d8830d324a3608a0cb994005f9f0ad,"[1, 2]",8360000
74999349,0xd3b4e62e3b984ae0131584a8a6ef1b6967cd227e2961c40985216a9ef3f5d80d,411,0x4bfb41d5b3570defd03c39a9a4d8de6bd8b8982e,0x2791bca1f2de4661ed88a30c99a7a9449aa84174,0x0000000000000000000000000000000000000000000000000000000000000000,0x27fa3741337f72bb571945794b5e0a2326d8830d324a3608a0cb994005f9f0ad,"[1, 2]",146300000
74999349,0xd3b4e62e3b984ae0131584a8a6ef1b6967cd227e2961c40985216a9ef3f5d80d,417,0x4bfb41d5b3570defd03c39a9a4d8de6bd8b8982e,0x2791bca1f2de4661ed88a30c99a7a9449aa84174,0x0000000000000000000000000000000000000000000000000000000000000000,0x27fa3741337f72bb571945794b5e0a2326d8830d324a3608a0cb994005f9f0ad,"[1, 2]",22050000
74999349,0xd3b4e62e3b984ae0131584a8a6ef1b6967cd227e2961c40985216a9ef3f5d80d,427,0x4bfb41d5b3570defd03c39a9a4d8de6bd8b8982e,0x2791bca1f2de4661ed88a30c99a7a9449aa84174,0x0000000000000000000000000000000000000000000000000000000000000000,0x27fa3741337f72bb571945794b5e0a2326d8830d324a3608a0cb994005f9f0ad,"[1, 2]",16000000
74999349,0xd3b4e62e3b984ae0131584a8a6ef1b6967cd227e2961c40985216a9ef3f5d80d,433,0x4bfb41d5b3570defd03c39a9a4d8de6bd8b8982e,0x2791bca1f2de4661ed88a30c99a7a9449aa84174,0x0000000000000000000000000000000000000000000000000000000000000000,0x27fa3741337f72bb571945794b5e0a2326d8830d324a3608a0cb994005f9f0ad,"[1, 2]",57290000
74999353,0xb556bfb5609eff7f0d39013ce6c8136ee8c3c2b65708ebd0325259426c044e36,465,0x51373c6b56e4a38bf97c301efbff840fc8451556,0x2791bca1f2de4661ed88a30c99a7a9449aa84174,0x0000000000000000000000000000000000000000000000000000000000000000,0x37e2fc80b29f5bee1a03f463c1a85fb21b53d42080137747ee9d48ea51470fc7,"[1, 2]",44000000
74999353,0xb556bfb5609eff7f0d39013ce6c8136ee8c3c2b65708ebd0325259426c044e36,468,0x51373c6b56e4a38bf97c301efbff840fc8451556,0x2791bca1f2de4661ed88a30c99a7a9449aa84174,0x0000000000000000000000000000000000000000000000000000000000000000,0x820a5b5945715dc51da79aa0da7ce40a4075b19f0fe7990a7a37a180a81487ab,"[1, 2]",97000000
74999353,0xb556bfb5609eff7f0d39013ce6c8136ee8c3c2b65708ebd0325259426c044e36,471,0x51373c6b56e4a38bf97c301efbff840fc8451556,0x2791bca1f2de4661ed88a30c99a7a9449aa84174,0x0000000000000000000000000000000000000000000000000000000000000000,0xe66c5cfaa66099e1fdc904263f4c28ff8328fa6d7b6e82ef7157bbc12af2ad66,"[1, 2]",134000000
74999353,0xb556bfb5609eff7f0d39013ce6c8136ee8c3c2b65708ebd0325259426c044e36,475,0xd91e80cf2e7be2e162c6513ced06f1dd0da35296,0x3a3bd7bb9528e159577f7c2e685cc81a765002e2,0x0000000000000000000000000000000000000000000000000000000000000000,0x939eeb2dea216749bd409bedde483c3f2bfb0e24d4f2d34461c0b21c6e91f010,"[1, 2]",49000000
74999353,0xb556bfb5609eff7f0d39013ce6c8136ee8c3c2b65708ebd0325259426c044e36,482,0xd91e80cf2e7be2e162c6513ced06f1dd0da35296,0x3a3bd7bb9528e159577f7c2e685cc81a765002e2,0x0000000000000000000000000000000000000000000000000000000000000000,0x909659c9436228e2be56d5582ba6188166f2f8bf3c596335512c8f2e380d01ec,"[1, 2]",232000000
74999353,0xb556bfb5609eff7f0d39013ce6c8136ee8c3c2b65708ebd0325259426c044e36,489,0xd91e80cf2e7be2e162c6513ced06f1dd0da35296,0x3a3bd7bb9528e159577f7c2e685cc81a765002e2,0x0000000000000000000000000000000000000000000000000000000000000000,0xaa331b9efeefe89afd785e2aeea524f8f206c41a1a01db58fe634e56f6bd9636,"[1, 2]",47000000
74999353,0xb556bfb5609eff7f0d39013ce6c8136ee8c3c2b65708ebd0325259426c044e36,496,0xd91e80cf2e7be2e162c6513ced06f1dd0da35296,0x3a3bd7bb9528e159577f7c2e685cc81a765002e2,0x0000000000000000000000000000000000000000000000000000000000000000,0x02f07f5c6da5eed25f78b68b95826fbc2bcf2ca4301e41bfd5df8557b0bc5f38,"[1, 2]",31000000
74999353,0xb556bfb5609eff7f0d39013ce6c8136ee8c3c2b65708ebd0325259426c044e36,503,0xd91e80cf2e7be2e162c6513ced06f1dd0da35296,0x3a3bd7bb9528e159577f7c2e685cc81a765002e2,0x0000000000000000000000000000000000000000000000000000000000000000,0x1e0e6169afba173f863e7a6af2e94983a4c888178ba629012d676760cc6c1e10,"[1, 2]",44000000
74999353,0xb556bfb5609eff7f0d39013ce6c8136ee8c3c2b65708ebd0325259426c044e36,510,0xd91e80cf2e7be2e162c6513ced06f1dd0da35296,0x3a3bd7bb9528e159577f7c2e685cc81a765002e2,0x0000000000000000000000000000000000000000000000000000000000000000,0xd389d0edc3b119ac3f011ec56e4600024f79725c67d95c8870e0e7a4e3c745af,"[1, 2]",93000000
74999353,0xb556bfb5609eff7f0d39013ce6c8136ee8c3c2b65708ebd0325259426c044e36,517,0xd91e80cf2e7be2e162c6513ced06f1dd0da35296,0x3a3bd7bb9528e159577f7c2e685cc81a765002e2,0x0000000000000000000000000000000000000000000000000000000000000000,0x676ee3862d770d8167304b62f8ca646a30e7eb0f5180af7b2344143ed6aa4975,"[1, 2]",76000000
74999356,0xf4b6c2f1b6d9871c78f19b61a7b0712d25847ba6b1939cbb60fbac102613bf74,345,0xd91e80cf2e7be2e162c6513ced06f1dd0da35296,0x3a3bd7bb9528e159577f7c2e685cc81a765002e2,0x0000000000000000000000000000000000000000000000000000000000000000,0x7d3e64478365d7e594578615d16f60df5a3ec9aa413b811014eab2139ac88995,"[1, 2]",68000000
74999356,0xf4b6c2f1b6d9871c78f19b61a7b0712d25847ba6b1939cbb60fbac102613bf74,352,0xd91e80cf2e7be2e162c6513ced06f1dd0da35296,0x3a3bd7bb9528e159577f7c2e685cc81a765002e2,0x0000000000000000000000000000000000000000000000000000000000000000,0xc6511915e105ad2a5376a4f2cce72e6c21ed09b72b0e23d59fa4fe09bd1df136,"[1, 2]",36000000
74999356,0xf4b6c2f1b6d9871c78f19b61a7b0712d25847ba6b1939cbb60fbac102613bf74,359,0xd91e80cf2e7be2e162c6513ced06f1dd0da35296,0x3a3bd7bb9528e159577f7c2e685cc81a765002e2,0x0000000000000000000000000000000000000000000000000000000000000000,0x0bfd30241a98afd4fcd17e110948fbcb30775094d785dc1dd49251e0a0d2b6ec,"[1, 2]",106000000
74999356,0xf4b6c2f1b6d9871c78f19b61a7b0712d25847ba6b1939cbb60fbac102613bf74,366,0xd91e80cf2e7be2e162c6513ced06f1dd0da35296,0x3a3bd7bb9528e159577f7c2e685cc81a765002e2,0x0000000000000000000000000000000000000000000000000000000000000000,0x5eda2be9940a0b4fafca22d6fd73a1720b6d4b17c830972def92d249279cc471,"[1, 2]",36000000
74999356,0xf4b6c2f1b6d9871c78f19b61a7b0712d25847ba6b1939cbb60fbac102613bf74,373,0xd91e80cf2e7be2e162c6513ced06f1dd0da35296,0x3a3bd7bb9528e159577f7c2e685cc81a765002e2,0x0000000000000000000000000000000000000000000000000000000000000000,0xd72222f044b835048e1a8575a3d6287e07302e46055ce7f9f1a53bfc8ec9c4e0,"[1, 2]",74000000
74999356,0xf4b6c2f1b6d9871c78f19b61a7b0712d25847ba6b1939cbb60fbac102613bf74,380,0xd91e80cf2e7be2e162c6513ced06f1dd0da35296,0x3a3bd7bb9528e159577f7c2e685cc81a765002e2,0x0000000000000000000000000000000000000000000000000000000000000000,0xdd40f7c56a97b0fbe5e6a1224faf7b2cffd6698f8ec4c714addb1abae0ccecea,"[1, 2]",44000000
74999356,0xf4b6c2f1b6d9871c78f19b61a7b0712d25847ba6b1939cbb60fbac102613bf74,387,0xd91e80cf2e7be2e162c6513ced06f1dd0da35296,0x3a3bd7bb9528e159577f7c2e685cc81a765002e2,0x0000000000000000000000000000000000000000000000000000000000000000,0x9cc9dc1b99b3b94f6356497ab45a35594ce2b73bdd3847d7cbaa091f83b01c7e,"[1, 2]",207000000
74999356,0xf4b6c2f1b6d9871c78f19b61a7b0712d25847ba6b1939cbb60fbac102613bf74,394,0xd91e80cf2e7be2e162c6513ced06f1dd0da35296,0x3a3bd7bb9528e159577f7c2e685cc81a765002e2,0x0000000000000000000000000000000000000000000000000000000000000000,0xa1dae8968405c0f7e9702dd64d596b8ba5fef4a8eee893a4a277adda1c13cee5,"[1, 2]",165000000
74999356,0xf4b6c2f1b6d9871c78f19b61a7b0712d25847ba6b1939cbb60fbac102613bf74,401,0xd91e80cf2e7be2e162c6513ced06f1dd0da35296,0x3a3bd7bb9528e159577f7c2e685cc81a765002e2,0x0000000000000000000000000000000000000000000000000000000000000000,0x924efdc8795f4221f57c2b960a38aa00e0320a8a50000dc0ba118e1776a64ad2,"[1, 2]",207000000
74999356,0xf4b6c2f1b6d9871c78f19b61a7b0712d25847ba6b1939cbb60fbac102613bf74,408,0xd91e80cf2e7be2e162c6513ced06f1dd0da35296,0x3a3bd7bb9528e159577f7c2e685cc81a765002e2,0x0000000000000000000000000000000000000000000000000000000000000000,0x985c2299ac7dbe5441a350d3f586d66d0b6375949429af56d6065a750ea5030e,"[1, 2]",185000000
74999357,0x18eea870cb61cfb12a652d50c6b190581491de5c9f56ee6439d234d8daaede89,681,0xd91e80cf2e7be2e162c6513ced06f1dd0da35296,0x3a3bd7bb9528e159577f7c2e685cc81a765002e2,0x0000000000000000000000000000000000000000000000000000000000000000,0x95eacefecbaa3b2f14229e0db54c426775ef3a33086d0749fa8480982a639d1f,"[1, 2]",75000000
74999359,0xda0886d949d7328661b696359e47c60d33b7ab536df489d03d2e62e7f429e386,215,0xd91e80cf2e7be2e162c6513ced06f1dd0da35296,0x3a3bd7bb9528e159577f7c2e685cc81a765002e2,0x0000000000000000000000000000000000000000000000000000000000000000,0x1073cc3483263763397b853cb095ac8451f7e26b5a94231b5973c14bf6e7a95a,"[1, 2]",108000000
74999359,0xda0886d949d7328661b696359e47c60d33b7ab536df489d03d2e62e7f429e386,222,0xd91e80cf2e7be2e162c6513ced06f1dd0da35296,0x3a3bd7bb9528e159577f7c2e685cc81a765002e2,0x0000000000000000000000000000000000000000000000000000000000000000,0xd6502692a603a0d2ed9688cc3fb0c6bbc08a7b9109114dbb017353ff06d7fe0c,"[1, 2]",113000000
74999359,0xda0886d949d7328661b696359e47c60d33b7ab536df489d03d2e62e7f429e386,229,0xd91e80cf2e7be2e162c6513ced06f1dd0da35296,0x3a3bd7bb9528e159577f7c2e685cc81a765002e2,0x0000000000000000000000000000000000000000000000000000000000000000,0xf511fc5bf7aea547f7e33567e93b2c63f74bffbc0f0da79d7715cf5e27d16b6c,"[1, 2]",141000000
74999359,0xda0886d949d7328661b696359e47c60d33b7ab536df489d03d2e62e7f429e386,236,0xd91e80cf2e7be2e162c6513ced06f1dd0da35296,0x3a3bd7bb9528e159577f7c2e685cc81a765002e2,0x0000000000000000000000000000000000000000000000000000000000000000,0xdf04f0771458711e2d19fb11e64f873480d451d9aee544146cceb29ea3bedcce,"[1, 2]",142000000
74999359,0xda0886d949d7328661b696359e47c60d33b7ab536df489d03d2e62e7f429e386,243,0xd91e80cf2e7be2e162c6513ced06f1dd0da35296,0x3a3bd7bb9528e159577f7c2e685cc81a765002e2,0x0000000000000000000000000000000000000000000000000000000000000000,0xf4aab57ceee3f341380372dbc158e4b540bc7035c1cf3aa22846f48622f92110,"[1, 2]",141000000
74999359,0xda0886d949d7328661b696359e47c60d33b7ab536df489d03d2e62e7f429e386,250,0xd91e80cf2e7be2e162c6513ced06f1dd0da35296,0x3a3bd7bb9528e159577f7c2e685cc81a765002e2,0x0000000000000000000000000000000000000000000000000000000000000000,0x15ef292e550795785df3ee5eac729517fc850936e877b165998c94351c12544b,"[1, 2]",142000000
74999359,0xda0886d949d7328661b696359e47c60d33b7ab536df489d03d2e62e7f429e386,257,0xd91e80cf2e7be2e162c6513ced06f1dd0da35296,0x3a3bd7bb9528e159577f7c2e685cc81a765002e2,0x0000000000000000000000000000000000000000000000000000000000000000,0x174095e1593bae3b4ddfe14e9d90ad7fe7572a8e92193e37ee2d9a3151f544fc,"[1, 2]",184000000
74999359,0xda0886d949d7328661b696359e47c60d33b7ab536df489d03d2e62e7f429e386,264,0xd91e80cf2e7be2e162c6513ced06f1dd0da35296,0x3a3bd7bb9528e159577f7c2e685cc81a765002e2,0x0000000000000000000000000000000000000000000000000000000000000000,0x57ebf8c44681658feca51d1248432897d9bd5d358192f13eb19998551c83204d,"[1, 2]",141000000
74999359,0xda0886d949d7328661b696359e47c60d33b7ab536df489d03d2e62e7f429e386,271,0xd91e80cf2e7be2e162c6513ced06f1dd0da35296,0x3a3bd7bb9528e159577f7c2e685cc81a765002e2,0x0000000000000000000000000000000000000000000000000000000000000000,0xc8761147389535d28583a71eab365841f36f1cc7ee689fbd32a384e3879a5b7c,"[1, 2]",92000000
74999359,0xda0886d949d7328661b696359e47c60d33b7ab536df489d03d2e62e7f429e386,278,0xd91e80cf2e7be2e162c6513ced06f1dd0da35296,0x3a3bd7bb9528e159577f7c2e685cc81a765002e2,0x0000000000000000000000000000000000000000000000000000000000000000,0x700803904cd5bc5caac110bb58bee0097d2fbb328e0dc4ee494135cf79a46386,"[1, 2]",142000000
74999360,0x01839d66c0a03bff3b73baf8ab9faf3ee677a2c416daa626f80304fb2dca4d42,1202,0xd91e80cf2e7be2e162c6513ced06f1dd0da35296,0x3a3bd7bb9528e159577f7c2e685cc81a765002e2,0x0000000000000000000000000000000000000000000000000000000000000000,0x84d62ee93bfa7d38836e278801c8c5ccb791482d36b0fbedc990ac2ba1610d9c,"[1, 2]",164000000
74999360,0x01839d66c0a03bff3b73baf8ab9faf3ee677a2c416daa626f80304fb2dca4d42,1209,0xd91e80cf2e7be2e162c6513ced06f1dd0da35296,0x3a3bd7bb9528e159577f7c2e685cc81a765002e2,0x0000000000000000000000000000000000000000000000000000000000000000,0xa1d03e3a880d9b39e26afff50b779d7efe6fbbc9a3c9bd12c3ef34445dbac64c,"[1, 2]",151000000
74999360,0x01839d66c0a03bff3b73baf8ab9faf3ee677a2c416daa626f80304fb2dca4d42,1216,0xd91e80cf2e7be2e162c6513ced06f1dd0da35296,0x3a3bd7bb9528e159577f7c2e685cc81a765002e2,0x0000000000000000000000000000000000000000000000000000000000000000,0x93437d03a195e66bef80d55d51786cf5f7b08fde008a54400b97889ecd69f895,"[1, 2]",125000000
74999360,0x01839d66c0a03bff3b73baf8ab9faf3ee677a2c416daa626f80304fb2dca4d42,1223,0xd91e80cf2e7be2e162c6513ced06f1dd0da35296,0x3a3bd7bb9528e159577f7c2e685cc81a765002e2,0x0000000000000000000000000000000000000000000000000000000000000000,0x27990b8ed05eff43657459120d6242b8119fe89e2c62797115588cb96ec66640,"[1, 2]",122000000
74999360,0x01839d66c0a03bff3b73baf8ab9faf3ee677a2c416daa626f80304fb2dca4d42,1230,0xd91e80cf2e7be2e162c6513ced06f1dd0da35296,0x3a3bd7bb9528e159577f7c2e685cc81a765002e2,0x0000000000000000000000000000000000000000000000000000000000000000,0x68a14da906e9e7cd029f77fcbf8abc7396c5923e14973751a94c99f6daa9d7b8,"[1, 2]",188000000
74999360,0x01839d66c0a03bff3b73baf8ab9faf3ee677a2c416daa626f80304fb2dca4d42,1237,0xd91e80cf2e7be2e162c6513ced06f1dd0da35296,0x3a3bd7bb9528e159577f7c2e685cc81a765002e2,0x0000000000000000000000000000000000000000000000000000000000000000,0xa8c05e9288ce688482b62915c36434d8f68f945b824fa7ad859949bfab0583cc,"[1, 2]",143000000
74999360,0x01839d66c0a03bff3b73baf8ab9faf3ee677a2c416daa626f80304fb2dca4d42,1244,0xd91e80cf2e7be2e162c6513ced06f1dd0da35296,0x3a3bd7bb9528e159577f7c2e685cc81a765002e2,0x0000000000000000000000000000000000000000000000000000000000000000,0x79fa8a38b5b26752e11208a795c01b74011a52438cbda1fa33b59c475919ea86,"[1, 2]",92000000
74999360,0x01839d66c0a03bff3b73baf8ab9faf3ee677a2c416daa626f80304fb2dca4d42,1251,0xd91e80cf2e7be2e162c6513ced06f1dd0da35296,0x3a3bd7bb9528e159577f7c2e685cc81a765002e2,0x0000000000000000000000000000000000000000000000000000000000000000,0x93be783365e4eb163fb43fd9c2c236edd345fbdca33e7ee403e91377c202d914,"[1, 2]",100000000
74999360,0x01839d66c0a03bff3b73baf8ab9faf3ee677a2c416daa626f80304fb2dca4d42,1258,0xd91e80cf2e7be2e162c6513ced06f1dd0da35296,0x3a3bd7bb9528e159577f7c2e685cc81a765002e2,0x0000000000000000000000000000000000000000000000000000000000000000,0x0dce8810cfe47e4273c00530a508364393cc4252636bbfa77244e2aab807e8bc,"[1, 2]",142000000
74999360,0x01839d66c0a03bff3b73baf8ab9faf3ee677a2c416daa626f80304fb2dca4d42,1265,0xd91e80cf2e7be2e162c6513ced06f1dd0da35296,0x3a3bd7bb9528e159577f7c2e685cc81a765002e2,0x0000000000000000000000000000000000000000000000000000000000000000,0xfef1327c8a6dc7cfa05d24032ccca677077f10d1563062e7a4b6a3824908f29e,"[1, 2]",58000000
74999368,0x60a7af680cb8ad77bbf0e09feb7226fba50fd160d3eda3b617c1a3765acc67f3,291,0xd91e80cf2e7be2e162c6513ced06f1dd0da35296,0x3a3bd7bb9528e159577f7c2e685cc81a765002e2,0x0000000000000000000000000000000000000000000000000000000000000000,0x1fc82d1ab4f55b33148fff1ee058f2e971b2e71893f6dbed46d225b8188f8fb6,"[1, 2]",5760000
74999370,0x3ffba3df9109a84e64b347df0d76bbe3d7ea17b4d7b2a01bf2c75445b22b4ab9,518,0x4bfb41d5b3570defd03c39a9a4d8de6bd8b8982e,0x2791bca1f2de4661ed88a30c99a7a9449aa84174,0x0000000000000000000000000000000000000000000000000000000000000000,0x46dc560a09f07d8b6989bec851262e4df92ea0dd909631cf987afc88c8b8d729,"[1, 2]",34980000
74999375,0x7ff0c76d48d1376a8b2b79e048f8681da998aed746d28070661007831d2e631c,28,0x21ffd2b7a212a6f277ed3eca1a9f8efcbca90d71,0x2791bca1f2de4661ed88a30c99a7a9449aa84174,0x0000000000000000000000000000000000000000000000000000000000000000,0x48c715b695536243a128b653e59f8214262a454811a570c4b019226291c0fa69,"[1, 2]",11502839
74999390,0x3538199ede4d8b571dde52cc5e4a5ac0c7047cdaa4c37a91acc3134c930099d7,361,0xd91e80cf2e7be2e162c6513ced06f1dd0da35296,0x3a3bd7bb9528e159577f7c2e685cc81a765002e2,0x0000000000000000000000000000000000000000000000000000000000000000,0xcdec3de1f9c73e9ade1d33dde14b96e7241d0cc87f04981e71a955d3dac56b37,"[1, 2]",14000000
74999392,0xfc22a90ceefe65f2c463e19fd344c1cb08ccee6dbed517259489d98f55e4ccb5,1560,0xd91e80cf2e7be2e162c6513ced06f1dd0da35296,0x3a3bd7bb9528e159577f7c2e685cc81a765002e2,0x0000000000000000000000000000000000000000000000000000000000000000,0xc44edcfdedb422bae8ff1803e2178d1ee025fc41efd81400ccbede709e018841,"[1, 2]",160000000
74999396,0x0aded567d0b49ff258b43b91ebba6c17e8ad82fbf16497462f9ff670d8618707,337,0x4bfb41d5b3570defd03c39a9a4d8de6bd8b8982e,0x2791bca1f2de4661ed88a30c99a7a9449aa84174,0x0000000000000000000000000000000000000000000000000000000000000000,0x01eea283e8d0bab4d2b68b7f6cf810c302a63582fe5f1ff6b9d339ace4ff4457,"[1, 2]",6940000
74999397,0xe9049eba7adbf5cea3ac22890110da1b7ecd72e8ea2811b77607100ef19caa89,286,0x3d2d66eb933cfa7aa7b9fc21e6614f080de99360,0x2791bca1f2de4661ed88a30c99a7a9449aa84174,0x0000000000000000000000000000000000000000000000000000000000000000,0x84f5094174a9c71b8d2468de5f167026269fe3d28dd634e441eaf67bf525fb7f,"[1, 2]",215100000
74999397,0x4a27137776c1ad7a180ec1075d1bd5fc3d58ad1cd6f82ce30ff7dd33eb58af07,292,0x4bfb41d5b3570defd03c39a9a4d8de6bd8b8982e,0x2791bca1f2de4661ed88a30c99a7a9449aa84174,0x0000000000000000000000000000000000000000000000000000000000000000,0x01eea283e8d0bab4d2b68b7f6cf810c302a63582fe5f1ff6b9d339ace4ff4457,"[1, 2]",9060000
74999407,0x1032222bf680815849e7e14b68f50b2d35fb1e3810ea655a4ceddf252ce767b8,1085,0x5fe50c22621779e031322c5becb110d1fa0d8b99,0x2791bca1f2de4661ed88a30c99a7a9449aa84174,0x0000000000000000000000000000000000000000000000000000000000000000,0xa3958a7207ea6ed2b47fc7e3b03943e9f3c4a745cb71d7515dc529dd91e102ae,"[1, 2]",4810
74999408,0xa2fbbfc19c4d2703c4f23e6e80173671bf4ed323faedffe6eaa1f214a1f6e637,717,0xb563eb0184543459596fd1011d013b7451600115,0x2791bca1f2de4661ed88a30c99a7a9449aa84174,0x0000000000000000000000000000000000000000000000000000000000000000,0xc85a2d8c8088c2692570252167d16a5c0e5427b648f34592b927aa4da23c46a1,"[1, 2]",80000000
74999409,0x28d41b14b3c99c21a1a24dd40927327c154750bc77714a9eaece7bcbfbec83d3,384,0x3d2d66eb933cfa7aa7b9fc21e6614f080de99360,0x2791bca1f2de4661ed88a30c99a7a9449aa84174,0x0000000000000000000000000000000000000000000000000000000000000000,0x84f5094174a9c71b8d2468de5f167026269fe3d28dd634e441eaf67bf525fb7f,"[1, 2]",2222221
74999420,0xb11fb77a5cec77e0a23b025868e821e6ca533a083d92e2f86a8655cfd0af86f3,892,0x4bfb41d5b3570defd03c39a9a4d8de6bd8b8982e,0x2791bca1f2de4661ed88a30c99a7a9449aa84174,0x0000000000000000000000000000000000000000000000000000000000000000,0x64c270948df4af160bef0af8716cf8a3bc84d5de6a6ea592575e4e374f308597,"[1, 2]",29990000
74999420,0xb11fb77a5cec77e0a23b025868e821e6ca533a083d92e2f86a8655cfd0af86f3,898,0x4bfb41d5b3570defd03c39a9a4d8de6bd8b8982e,0x2791bca1f2de4661ed88a30c99a7a9449aa84174,0x0000000000000000000000000000000000000000000000000000000000000000,0x64c270948df4af160bef0af8716cf8a3bc84d5de6a6ea592575e4e374f308597,"[1, 2]",20370000
74999429,0xc24b45e1d948d8980907a641146a265665d2f5504d7f188dca0d0d9018341f34,329,0xa9650fe4301f45e7f090ada7252f9c1268183565,0x2791bca1f2de4661ed88a30c99a7a9449aa84174,0x0000000000000000000000000000000000000000000000000000000000000000,0x16b1b76a6a10722ed170d4f763aa604f8107ba1bcab89d2da2f55ad1e8c02c54,"[1, 2]",15882351
74999430,0x60fc2d2937829eeaf8ab30b28bdaa022555022d972ed65c842e564d38abd98a8,433,0x4bfb41d5b3570defd03c39a9a4d8de6bd8b8982e,0x2791bca1f2de4661ed88a30c99a7a9449aa84174,0x0000000000000000000000000000000000000000000000000000000000000000,0x27fa3741337f72bb571945794b5e0a2326d8830d324a3608a0cb994005f9f0ad,"[1, 2]",7710000
74999430,0x60fc2d2937829eeaf8ab30b28bdaa022555022d972ed65c842e564d38abd98a8,443,0x4bfb41d5b3570defd03c39a9a4d8de6bd8b8982e,0x2791bca1f2de4661ed88a30c99a7a9449aa84174,0x0000000000000000000000000000000000000000000000000000000000000000,0x27fa3741337f72bb571945794b5e0a2326d8830d324a3608a0cb994005f9f0ad,"[1, 2]",100000000
74999430,0x60fc2d2937829eeaf8ab30b28bdaa022555022d972ed65c842e564d38abd98a8,449,0x4bfb41d5b3570defd03c39a9a4d8de6bd8b8982e,0x2791bca1f2de4661ed88a30c99a7a9449aa84174,0x0000000000000000000000000000000000000000000000000000000000000000,0x27fa3741337f72bb571945794b5e0a2326d8830d324a3608a0cb994005f9f0ad,"[1, 2]",122630000
74999430,0x60fc2d2937829eeaf8ab30b28bdaa022555022d972ed65c842e564d38abd98a8,471,0x4bfb41d5b3570defd03c39a9a4d8de6bd8b8982e,0x2791bca1f2de4661ed88a30c99a7a9449aa84174,0x0000000000000000000000000000000000000000000000000000000000000000,0x27fa3741337f72bb571945794b5e0a2326d8830d324a3608a0cb994005f9f0ad,"[1, 2]",10000000
74999430,0x60fc2d2937829eeaf8ab30b28bdaa022555022d972ed65c842e564d38abd98a8,477,0x4bfb41d5b3570defd03c39a9a4d8de6bd8b8982e,0x2791bca1f2de4661ed88a30c99a7a9449aa84174,0x0000000000000000000000000000000000000000000000000000000000000000,0x27fa3741337f72bb571945794b5e0a2326d8830d324a3608a0cb994005f9f0ad,"[1, 2]",173630000
74999431,0x99b04460ee90405a38b58361faf6f0a1aff1860549bb9a57e513983d0f549c42,489,0x5968454ab9fa39745d5d4adf78f23b80ebe53fc4,0x2791bca1f2de4661ed88a30c99a7a9449aa84174,0x0000000000000000000000000000000000000000000000000000000000000000,0x11a367fea8169759c13b9dbf4547e6fb8aaecfd22f87674870f5940e86c90bdb,"[1, 2]",5806
74999441,0xa3154633efb456459bf8960b4f3ff03acea6d6686cd0b0a9736a56ed9a8fab99,346,0x3d2d66eb933cfa7aa7b9fc21e6614f080de99360,0x2791bca1f2de4661ed88a30c99a7a9449aa84174,0x0000000000000000000000000000000000000000000000000000000000000000,0x84f5094174a9c71b8d2468de5f167026269fe3d28dd634e441eaf67bf525fb7f,"[1, 2]",2439023
74999450,0x01bc19a38804d0d098171493ad695a0a77ce850d2d9eeab637f1e39c3df893ca,442,0x3d2d66eb933cfa7aa7b9fc21e6614f080de99360,0x2791bca1f2de4661ed88a30c99a7a9449aa84174,0x0000000000000000000000000000000000000000000000000000000000000000,0xc85a2d8c8088c2692570252167d16a5c0e5427b648f34592b927aa4da23c46a1,"[2, 1]",5000000
74999451,0xd880d1a99ac6facdeed20b12b80b0fb354cd98b1ad0f65e99abdf045080f74b6,510,0x4bfb41d5b3570defd03c39a9a4d8de6bd8b8982e,0x2791bca1f2de4661ed88a30c99a7a9449aa84174,0x0000000000000000000000000000000000000000000000000000000000000000,0xa9576245d7abdc3e57dd5ed08985d2fc4dfa986f0f2b8ca44b538f42c97f7bb9,"[1, 2]",42550000
74999465,0x03738ba5409ad0d62b10cf33b1fe4e096cd5596f9ecac0ace8080637e05c1491,314,0xb563eb0184543459596fd1011d013b7451600115,0x2791bca1f2de4661ed88a30c99a7a9449aa84174,0x0000000000000000000000000000000000000000000000000000000000000000,0xe5b137364cc10261f1f55192982ae06abb500fa74a1c123bcd3520d7e26f428a,"[2, 1]",1660000
74999469,0x5b08bd045a6922e5174853231f61a296181561dc24b88da50a6c6e2663f09b92,298,0xb563eb0184543459596fd1011d013b7451600115,0x2791bca1f2de4661ed88a30c99a7a9449aa84174,0x0000000000000000000000000000000000000000000000000000000000000000,0xc85a2d8c8088c2692570252167d16a5c0e5427b648f34592b927aa4da23c46a1,"[1, 2]",80000000
74999486,0x1c2a361358d0bfbb9e6587bfedf582ac33fef339d3e39d199c1678d780a95b05,477,0xd91e80cf2e7be2e162c6513ced06f1dd0da35296,0x3a3bd7bb9528e159577f7c2e685cc81a765002e2,0x0000000000000000000000000000000000000000000000000000000000000000,0xbe975186825e4304f5a86793cb048c59585d31d311f4baa59e795e409c7056ba,"[1, 2]",4040000
74999488,0xe87a0755f2668cf58a74aad103c20b717368c95fca9c04a7c3534c2b7e08eec5,608,0x4bfb41d5b3570defd03c39a9a4d8de6bd8b8982e,0x2791bca1f2de4661ed88a30c99a7a9449aa84174,0x0000000000000000000000000000000000000000000000000000000000000000,0x93abf56f87197e320c0fa0b7a7e992737c067061fb565417bb612ab2c877e028,"[1, 2]",7270000
74999488,0xe87a0755f2668cf58a74aad103c20b717368c95fca9c04a7c3534c2b7e08eec5,614,0x4bfb41d5b3570defd03c39a9a4d8de6bd8b8982e,0x2791bca1f2de4661ed88a30c99a7a9449aa84174,0x0000000000000000000000000000000000000000000000000000000000000000,0x93abf56f87197e320c0fa0b7a7e992737c067061fb565417bb612ab2c877e028,"[1, 2]",7730000
74999488,0xe87a0755f2668cf58a74aad103c20b717368c95fca9c04a7c3534c2b7e08eec5,620,0x4bfb41d5b3570defd03c39a9a4d8de6bd8b8982e,0x2791bca1f2de4661ed88a30c99a7a9449aa84174,0x0000000000000000000000000000000000000000000000000000000000000000,0x93abf56f87197e320c0fa0b7a7e992737c067061fb565417bb612ab2c877e028,"[1, 2]",7000000
74999491,0x5649144b232a174535770d987dfe3fb1631ad26ff6ac5237807914c3fc8d4861,473,0xd91e80cf2e7be2e162c6513ced06f1dd0da35296,0x3a3bd7bb9528e159577f7c2e685cc81a765002e2,0x0000000000000000000000000000000000000000000000000000000000000000,0xe202539dfbeced92dc4112f134a205c80ca6cf4db32bd82f05b291c297219fd8,"[1, 2]",33133857
74999496,0xba9fc1d70bee09c6b08c0baca6c3d3ecc2cb8b5fae199182588f106aeef0331e,592,0xb563eb0184543459596fd1011d013b7451600115,0x2791bca1f2de4661ed88a30c99a7a9449aa84174,0x0000000000000000000000000000000000000000000000000000000000000000,0xe5b137364cc10261f1f55192982ae06abb500fa74a1c123bcd3520d7e26f428a,"[2, 1]",40000000
74999496,0xd1e25e5eeb96a88d9332f6530de317ad3d8e74fbefcde376d4fa449344d7f70a,708,0x4bfb41d5b3570defd03c39a9a4d8de6bd8b8982e,0x2791bca1f2de4661ed88a30c99a7a9449aa84174,0x0000000000000000000000000000000000000000000000000000000000000000,0x93abf56f87197e320c0fa0b7a7e992737c067061fb565417bb612ab2c877e028,"[1, 2]",6000000
74999496,0xc61c60a2e8a7903c1a52115dfb60ac8194292a08b2c3469c5e40bba1dda3dbef,750,0x4bfb41d5b3570defd03c39a9a4d8de6bd8b8982e,0x2791bca1f2de4661ed88a30c99a7a9449aa84174,0x0000000000000000000000000000000000000000000000000000000000000000,0x93abf56f87197e320c0fa0b7a7e992737c067061fb565417bb612ab2c877e028,"[1, 2]",270000
74999501,0x6877f4c980a4bcb7489f11594e99fb2813c0c7be788302d8b115c08b9087ff5e,463,0x3d2d66eb933cfa7aa7b9fc21e6614f080de99360,0x2791bca1f2de4661ed88a30c99a7a9449aa84174,0x0000000000000000000000000000000000000000000000000000000000000000,0x16b1b76a6a10722ed170d4f763aa604f8107ba1bcab89d2da2f55ad1e8c02c54,"[1, 2]",59000000
74999501,0x4b16843792d16044ba8be83876b42dfa901c8f4ea4b31192d00e6de1102ff2f4,549,0xd91e80cf2e7be2e162c6513ced06f1dd0da35296,0x3a3bd7bb9528e159577f7c2e685cc81a765002e2,0x0000000000000000000000000000000000000000000000000000000000000000,0xb77636e216631f195c54a7649b428a3ebe64c655421c3212e6001a93548b3a4b,"[1, 2]",59826238
74999504,0x7a0e5e504329f6559c1ba301063021e76eb2dbebc5b3c9c8e76874315a914323,738,0x3d2d66eb933cfa7aa7b9fc21e6614f080de99360,0x2791bca1f2de4661ed88a30c99a7a9449aa84174,0x0000000000000000000000000000000000000000000000000000000000000000,0x84f5094174a9c71b8d2468de5f167026269fe3d28dd634e441eaf67bf525fb7f,"[1, 2]",40000000
74999504,0x2b6e198766ffd19f0dcea0b537984829719aca2be23bb8c8f6e7ece63c657b2e,742,0xb563eb0184543459596fd1011d013b7451600115,0x2791bca1f2de4661ed88a30c99a7a9449aa84174,0x0000000000000000000000000000000000000000000000000000000000000000,0xe5b137364cc10261f1f55192982ae06abb500fa74a1c123bcd3520d7e26f428a,"[1, 2]",152993965
74999504,0xb1e3d0985bcb44005e88c806846230528660f91b67db0cb70e9edddf34510815,758,0x4bfb41d5b3570defd03c39a9a4d8de6bd8b8982e,0x2791bca1f2de4661ed88a30c99a7a9449aa84174,0x0000000000000000000000000000000000000000000000000000000000000000,0xcb0846212b21609321540da8c4a84c4e33b08997a4dfda478325b87e68c5def5,"[1, 2]",1300000
74999508,0x9ee742efcab7535bdc1bd9c3d5398ca3a7b47f1ed0448b15e6b4de32206603b3,392,0xb563eb0184543459596fd1011d013b7451600115,0x2791bca1f2de4661ed88a30c99a7a9449aa84174,0x0000000000000000000000000000000000000000000000000000000000000000,0x84f5094174a9c71b8d2468de5f167026269fe3d28dd634e441eaf67bf525fb7f,"[2, 1]",80000000
74999509,0xd61c05d739d39aea39ea4054809479c16be4fc4ae5ea92f274d99441c1ff690c,370,0x4bfb41d5b3570defd03c39a9a4d8de6bd8b8982e,0x2791bca1f2de4661ed88a30c99a7a9449aa84174,0x0000000000000000000000000000000000000000000000000000000000000000,0x45d06120edd6bc8b3119e3632562dee775f32d02627a0585f3b1d9f210b83755,"[1, 2]",77340000
74999509,0xd61c05d739d39aea39ea4054809479c16be4fc4ae5ea92f274d99441c1ff690c,376,0x4bfb41d5b3570defd03c39a9a4d8de6bd8b8982e,0x2791bca1f2de4661ed88a30c99a7a9449aa84174,0x0000000000000000000000000000000000000000000000000000000000000000,0x45d06120edd6bc8b3119e3632562dee775f32d02627a0585f3b1d9f210b83755,"[1, 2]",72740000
74999511,0xf2c71d904ac8c27ec2b05f15d21010dec5034c8b2883510506d61412c4eff07d,271,0x4bfb41d5b3570defd03c39a9a4d8de6bd8b8982e,0x2791bca1f2de4661ed88a30c99a7a9449aa84174,0x0000000000000000000000000000000000000000000000000000000000000000,0xc2e5f441b24c3bde052635a5ca1d10a7fa8740e4efb8df6b815276e887aa979d,"[1, 2]",23360000
74999512,0x3fab64d60f61d523cc4c9cd0dc7966b07dac7a0d8f5938640959dca82aa1427c,470,0xb563eb0184543459596fd1011d013b7451600115,0x2791bca1f2de4661ed88a30c99a7a9449aa84174,0x0000000000000000000000000000000000000000000000000000000000000000,0xc85a2d8c8088c2692570252167d16a5c0e5427b648f34592b927aa4da23c46a1,"[2, 1]",33786884
74999516,0xc9bb28210acf977fce6e9670dc84086f4bba74511f5ccf7695ea9aee04c54ac1,233,0xb563eb0184543459596fd1011d013b7451600115,0x2791bca1f2de4661ed88a30c99a7a9449aa84174,0x0000000000000000000000000000000000000000000000000000000000000000,0x16b1b76a6a10722ed170d4f763aa604f8107ba1bcab89d2da2f55ad1e8c02c54,"[2, 1]",85857883
74999522,0x0872fdf317d9c03eddc0369ad2983fae9db23679d7d0c9ae6b3dea61d32defd8,358,0x3d2d66eb933cfa7aa7b9fc21e6614f080de99360,0x2791bca1f2de4661ed88a30c99a7a9449aa84174,0x0000000000000000000000000000000000000000000000000000000000000000,0xe5b137364cc10261f1f55192982ae06abb500fa74a1c123bcd3520d7e26f428a,"[1, 2]",40000000
74999536,0xa4919b48f4d964d106b87e0e477d72cdf969381ec03398aca6c7327d8168a8ef,404,0x3d2d66eb933cfa7aa7b9fc21e6614f080de99360,0x2791bca1f2de4661ed88a30c99a7a9449aa84174,0x0000000000000000000000000000000000000000000000000000000000000000,0xc85a2d8c8088c2692570252167d16a5c0e5427b648f34592b927aa4da23c46a1,"[2, 1]",53000000
74999545,0xa761b8b79d5e483dc355050201aec816b1f082622931fee20d86afcaa9be50cc,512,0x3d2d66eb933cfa7aa7b9fc21e6614f080de99360,0x2791bca1f2de4661ed88a30c99a7a9449aa84174,0x0000000000000000000000000000000000000000000000000000000000000000,0x84f5094174a9c71b8d2468de5f167026269fe3d28dd634e441eaf67bf525fb7f,"[1, 2]",166000000
74999553,0xb186f1341a421524e35164340ffaf961d05ac4cfba5f72a4ffd80a70811bf18b,315,0x3d2d66eb933cfa7aa7b9fc21e6614f080de99360,0x2791bca1f2de4661ed88a30c99a7a9449aa84174,0x0000000000000000000000000000000000000000000000000000000000000000,0xe5b137364cc10261f1f55192982ae06abb500fa74a1c123bcd3520d7e26f428a,"[1, 2]",15230000
74999557,0x48171b30b5862dad207ab528a230fcce82788af31d6dfc579ae6486b99d45a0d,323,0x3d2d66eb933cfa7aa7b9fc21e6614f080de99360,0x2791bca1f2de4661ed88a30c99a7a9449aa84174,0x0000000000000000000000000000000000000000000000000000000000000000,0x84f5094174a9c71b8d2468de5f167026269fe3d28dd634e441eaf67bf525fb7f,"[1, 2]",23000000
74999560,0xbafcbac5bdd9cd97aeb2acd0c6bca9e5822a4886e59243973b3dcc6b79550edc,718,0xd91e80cf2e7be2e162c6513ced06f1dd0da35296,0x3a3bd7bb9528e159577f7c2e685cc81a765002e2,0x0000000000000000000000000000000000000000000000000000000000000000,0xf1f111ef03daf045896e26beb18882cf99b80f5ffb07b525ff8242d2bad47944,"[1, 2]",4210000
74999562,0xe9f91e306434064c82e748ce4dbedc90f961e84e831d79d2ce5c2f98f5e14c38,405,0xbff11fafd73cc217dd19fe8c450230add3503f4f,0x2791bca1f2de4661ed88a30c99a7a9449aa84174,0x0000000000000000000000000000000000000000000000000000000000000000,0x16b1b76a6a10722ed170d4f763aa604f8107ba1bcab89d2da2f55ad1e8c02c54,"[1, 2]",499993845
74999563,0xc05a5f2d87c91d40b823de94bcf120848d35adb6b2fd3df004965033b5596628,223,0xfcbccda5f40eb39d00c453c867bc3703ef4ae6cb,0x2791bca1f2de4661ed88a30c99a7a9449aa84174,0x0000000000000000000000000000000000000000000000000000000000000000,0x16b1b76a6a10722ed170d4f763aa604f8107ba1bcab89d2da2f55ad1e8c02c54,"[1, 2]",19000000
74999566,0xe876409d45aec38debf670336872ba470a9b9eaf94c20d8fbdfaf5acdbb01ac7,219,0x3d2d66eb933cfa7aa7b9fc21e6614f080de99360,0x2791bca1f2de4661ed88a30c99a7a9449aa84174,0x0000000000000000000000000000000000000000000000000000000000000000,0xe5b137364cc10261f1f55192982ae06abb500fa74a1c123bcd3520d7e26f428a,"[1, 2]",116000000
74999575,0x76794e18c68a66a9770d1a0b889fd8720fa6fda93170e7dc4f9c963bf426fbfd,389,0x4bfb41d5b3570defd03c39a9a4d8de6bd8b8982e,0x2791bca1f2de4661ed88a30c99a7a9449aa84174,0x0000000000000000000000000000000000000000000000000000000000000000,0xc2e5f441b24c3bde052635a5ca1d10a7fa8740e4efb8df6b815276e887aa979d,"[1, 2]",81000000
74999579,0x3e5bc072a4f700516bd2fe79f6b8ee4a288b5b18e6f07dcd9a3e019a3c4a2444,475,0xd91e80cf2e7be2e162c6513ced06f1dd0da35296,0x3a3bd7bb9528e159577f7c2e685cc81a765002e2,0x0000000000000000000000000000000000000000000000000000000000000000,0x69aa83d5505e9940b8c13520fe7c39b95f3713bc7d6fcc2a31cbb322ee385495,"[1, 2]",269770000
74999588,0x31519431a924714a330ea2861595ca8f763f2ebb9d07eb7667248ed82acaff6c,262,0xd91e80cf2e7be2e162c6513ced06f1dd0da35296,0x3a3bd7bb9528e159577f7c2e685cc81a765002e2,0x0000000000000000000000000000000000000000000000000000000000000000,0xebddfcf7b4401dade8b4031770a1ab942b01854f3bed453d5df9425cd9f211a9,"[1, 2]",401000000
74999588,0x31519431a924714a330ea2861595ca8f763f2ebb9d07eb7667248ed82acaff6c,269,0xd91e80cf2e7be2e162c6513ced06f1dd0da35296,0x3a3bd7bb9528e159577f7c2e685cc81a765002e2,0x0000000000000000000000000000000000000000000000000000000000000000,0x34c989bada239153e86a009b3d25539db4c86fc4df3e01d320f0bee58a7aef45,"[1, 2]",1000000
74999596,0x606f9fd3d6ded600c616dffda89f73b0948fa4688105d988b4885c4f81305a47,162,0x3d2d66eb933cfa7aa7b9fc21e6614f080de99360,0x2791bca1f2de4661ed88a30c99a7a9449aa84174,0x0000000000000000000000000000000000000000000000000000000000000000,0xc85a2d8c8088c2692570252167d16a5c0e5427b648f34592b927aa4da23c46a1,"[2, 1]",98522500
74999600,0xa6ed6d59accb6ad189ca680b0dc1e4aacea8878f25db8d294b8a992faf4caefc,426,0x3d2d66eb933cfa7aa7b9fc21e6614f080de99360,0x2791bca1f2de4661ed88a30c99a7a9449aa84174,0x0000000000000000000000000000000000000000000000000000000000000000,0xe5b137364cc10261f1f55192982ae06abb500fa74a1c123bcd3520d7e26f428a,"[1, 2]",161558439
74999604,0x93485a4b0be87b42f1d27833b836f9eb8d9453ed3ff11a094cf1e76d8b25f556,328,0xd91e80cf2e7be2e162c6513ced06f1dd0da35296,0x3a3bd7bb9528e159577f7c2e685cc81a765002e2,0x0000000000000000000000000000000000000000000000000000000000000000,0xc16d8bd3f8ff7642f0c7ada89577bacb9876c3e4002ad1c0d6b87e340bf6790e,"[1, 2]",94533634
74999606,0xc6d508ad0ad391d15f16e3ee84869f21c45ac0b8b389108d8dcee945906e32a8,430,0xd91e80cf2e7be2e162c6513ced06f1dd0da35296,0x3a3bd7bb9528e159577f7c2e685cc81a765002e2,0x0000000000000000000000000000000000000000000000000000000000000000,0xdd88c824f91cbd43e32933b1c9a7f09ae06c081ca53100081a66da5e23e698c0,"[1, 2]",96000000
74999607,0xe47b8dbeb932119131d302e1c4881e279dfbd576d8a89d865bb5a8706a070198,437,0xd91e80cf2e7be2e162c6513ced06f1dd0da35296,0x3a3bd7bb9528e159577f7c2e685cc81a765002e2,0x0000000000000000000000000000000000000000000000000000000000000000,0xb9ec4394b00a43b7fecca64fd351f714ee6ee8bb241c2e04ecf89f0eeeb32cd4,"[1, 2]",109000000
74999609,0xc04c473b89cda2190d10f8020e09264d4f961d7b34af2067eeaf9b5bc0af47ab,379,0x3d2d66eb933cfa7aa7b9fc21e6614f080de99360,0x2791bca1f2de4661ed88a30c99a7a9449aa84174,0x0000000000000000000000000000000000000000000000000000000000000000,0x84f5094174a9c71b8d2468de5f167026269fe3d28dd634e441eaf67bf525fb7f,"[2, 1]",49619393
74999614,0xcceb4e3dc452bcff003034c1372a3fe7289142968c44c2bffdccde106a8dcf66,487,0x4bfb41d5b3570defd03c39a9a4d8de6bd8b8982e,0x2791bca1f2de4661ed88a30c99a7a9449aa84174,0x0000000000000000000000000000000000000000000000000000000000000000,0x16b1b76a6a10722ed170d4f763aa604f8107ba1bcab89d2da2f55ad1e8c02c54,"[1, 2]",21000000
74999617,0x77f7401784e799d73c980cdd542f53aa2ef757f432a4d7222d9039d2167b3710,225,0x3d2d66eb933cfa7aa7b9fc21e6614f080de99360,0x2791bca1f2de4661ed88a30c99a7a9449aa84174,0x0000000000000000000000000000000000000000000000000000000000000000,0xc85a2d8c8088c2692570252167d16a5c0e5427b648f34592b927aa4da23c46a1,"[2, 1]",14500000
74999617,0x01dd1ed5acc60ad621e5b8221b0f487f5e3e8d1180c5efd976e9e4d873e5adc5,231,0xfcbccda5f40eb39d00c453c867bc3703ef4ae6cb,0x2791bca1f2de4661ed88a30c99a7a9449aa84174,0x0000000000000000000000000000000000000000000000000000000000000000,0x16b1b76a6a10722ed170d4f763aa604f8107ba1bcab89d2da2f55ad1e8c02c54,"[1, 2]",30000000
74999617,0x72751a1807e996a5c2cd6b5e53393a2c6e439fd503cdcae070bce61108f2b5b5,238,0xd91e80cf2e7be2e162c6513ced06f1dd0da35296,0x3a3bd7bb9528e159577f7c2e685cc81a765002e2,0x0000000000000000000000000000000000000000000000000000000000000000,0xb77636e216631f195c54a7649b428a3ebe64c655421c3212e6001a93548b3a4b,"[1, 2]",400006827
74999631,0xf7ae03e49848d353d279d79d9068d2c2c1cd9cda2796225f6b91055e205e25a5,259,0x3d2d66eb933cfa7aa7b9fc21e6614f080de99360,0x2791bca1f2de4661ed88a30c99a7a9449aa84174,0x0000000000000000000000000000000000000000000000000000000000000000,0xe5b137364cc10261f1f55192982ae06abb500fa74a1c123bcd3520d7e26f428a,"[1, 2]",19570000
74999645,0xa18c60220c358a4d29c3f1cb8139c5c3cbb53241ded8260ef07cab46e573e0ef,301,0x3d2d66eb933cfa7aa7b9fc21e6614f080de99360,0x2791bca1f2de4661ed88a30c99a7a9449aa84174,0x0000000000000000000000000000000000000000000000000000000000000000,0xc85a2d8c8088c2692570252167d16a5c0e5427b648f34592b927aa4da23c46a1,"[1, 2]",61353299
74999651,0xe6a8e6ad4c729575a4b00eb296c2633c3ad1424a543bbf0468f8ee8f39e846a5,508,0x4bfb41d5b3570defd03c39a9a4d8de6bd8b8982e,0x2791bca1f2de4661ed88a30c99a7a9449aa84174,0x0000000000000000000000000000000000000000000000000000000000000000,0xa720a9abaeb9ffc70d8e71bb7c8dab70a534f348b10dd2cdfda3e2469ba455ca,"[1, 2]",16000000
74999664,0x3a71a3b9ddcff9c3c4a6cb17c98ad5d8d3cddaa3dd00d3ed1b646aef194c0800,620,0x3d2d66eb933cfa7aa7b9fc21e6614f080de99360,0x2791bca1f2de4661ed88a30c99a7a9449aa84174,0x0000000000000000000000000000000000000000000000000000000000000000,0x16b1b76a6a10722ed170d4f763aa604f8107ba1bcab89d2da2f55ad1e8c02c54,"[2, 1]",548806450
74999673,0xfb8cfbd75b50dd8db629aa965bfb2b8dce96c811fac69d11150d6f617421cd69,177,0xfcbccda5f40eb39d00c453c867bc3703ef4ae6cb,0x2791bca1f2de4661ed88a30c99a7a9449aa84174,0x0000000000000000000000000000000000000000000000000000000000000000,0x16b1b76a6a10722ed170d4f763aa604f8107ba1bcab89d2da2f55ad1e8c02c54,"[1, 2]",44694610
74999673,0xfb8cfbd75b50dd8db629aa965bfb2b8dce96c811fac69d11150d6f617421cd69,180,0xfcbccda5f40eb39d00c453c867bc3703ef4ae6cb,0x2791bca1f2de4661ed88a30c99a7a9449aa84174,0x0000000000000000000000000000000000000000000000000000000000000000,0xb55fa9808f19d45611602855d5f2284355a82df5de76b0392059370424d6bca9,"[1, 2]",22768988
74999674,0x828bbadf05e833ba27104d392eedfb56b775b4ea54b00671fc6bdd5091db35c3,197,0xda391d93ad9897d189f9b6c011eefc57b576fef1,0x2791bca1f2de4661ed88a30c99a7a9449aa84174,0x0000000000000000000000000000000000000000000000000000000000000000,0x89cb9b0d86c738af26189131b86e52e55020b04772983004b2d3dccea53ca415,"[1, 2]",5000000
74999678,0x039f0880366161c4f7d3e5d67a23c7f33f303e992cfd26555b45eea658288d28,306,0xd91e80cf2e7be2e162c6513ced06f1dd0da35296,0x3a3bd7bb9528e159577f7c2e685cc81a765002e2,0x0000000000000000000000000000000000000000000000000000000000000000,0x6f6d5541aafa815525cc546ccab9d38492527e0fe8ba30f037f8cc691e23c92d,"[1, 2]",10000000
74999679,0x637c7ac9c0480ebecd2ee4b52fbbbc602ff84608542df88b5f900c6fec260854,842,0xfcbccda5f40eb39d00c453c867bc3703ef4ae6cb,0x2791bca1f2de4661ed88a30c99a7a9449aa84174,0x0000000000000000000000000000000000000000000000000000000000000000,0x16b1b76a6a10722ed170d4f763aa604f8107ba1bcab89d2da2f55ad1e8c02c54,"[1, 2]",16000000
74999689,0x305ed96477663405e4465e6dd1fe1fdd0e853d0b93d83134055d7305f18192d7,412,0x4bfb41d5b3570defd03c39a9a4d8de6bd8b8982e,0x2791bca1f2de4661ed88a30c99a7a9449aa84174,0x0000000000000000000000000000000000000000000000000000000000000000,0x02007d909546b9bc291b9b26fb1145a27158bb2be7d75db6d53638de3d7ef03b,"[1, 2]",2560000
74999690,0x1e5b6d3fe2a7b8b7c6db370fb65b05d04e41429ec2fb29013c4b21f6b7811395,179,0x3d2d66eb933cfa7aa7b9fc21e6614f080de99360,0x2791bca1f2de4661ed88a30c99a7a9449aa84174,0x0000000000000000000000000000000000000000000000000000000000000000,0xc85a2d8c8088c2692570252167d16a5c0e5427b648f34592b927aa4da23c46a1,"[1, 2]",10000000
74999698,0x90015bc55fd1c285c39748a086e0cee129fabf8b0c9809894568cf32fb71bce1,592,0xd91e80cf2e7be2e162c6513ced06f1dd0da35296,0x3a3bd7bb9528e159577f7c2e685cc81a765002e2,0x0000000000000000000000000000000000000000000000000000000000000000,0x0bfd30241a98afd4fcd17e110948fbcb30775094d785dc1dd49251e0a0d2b6ec,"[1, 2]",10000000
74999698,0x90015bc55fd1c285c39748a086e0cee129fabf8b0c9809894568cf32fb71bce1,606,0xd91e80cf2e7be2e162c6513ced06f1dd0da35296,0x3a3bd7bb9528e159577f7c2e685cc81a765002e2,0x0000000000000000000000000000000000000000000000000000000000000000,0x0bfd30241a98afd4fcd17e110948fbcb30775094d785dc1dd49251e0a0d2b6ec,"[1, 2]",50000000
74999704,0xb3fd15d23c639d05e2b2cbcfa617a63d4fe1ebc944c5d6ae4895f655e619a291,458,0x4bfb41d5b3570defd03c39a9a4d8de6bd8b8982e,0x2791bca1f2de4661ed88a30c99a7a9449aa84174,0x0000000000000000000000000000000000000000000000000000000000000000,0x66dc31c8bae61b2bf31a7dae377618ebf1669ef58b26707f4cb726f623341623,"[1, 2]",38820000
74999706,0xaccc5725a4ea7692ac89620654a82764a7e81ccff9b010dc08f9f347dce14787,374,0x5ecde7348ea5100af4360dd7a6e0a3fb1d420787,0x2791bca1f2de4661ed88a30c99a7a9449aa84174,0x0000000000000000000000000000000000000000000000000000000000000000,0xc535369c7c33a1f76da0df25ec5fa9c5b7b92fc884ae42e814461ac917c92848,"[1, 2]",13000000
74999713,0x98324ddc79415cea4e7efde8d563db626e8f5270b776c9cc36166b6b7bf3cabd,230,0xd91e80cf2e7be2e162c6513ced06f1dd0da35296,0x3a3bd7bb9528e159577f7c2e685cc81a765002e2,0x0000000000000000000000000000000000000000000000000000000000000000,0xdd40f7c56a97b0fbe5e6a1224faf7b2cffd6698f8ec4c714addb1abae0ccecea,"[1, 2]",16000000
74999718,0x0afeca70f05298c654aab5f496f01bed2213066606c4f594b816509f2234e7af,473,0xd91e80cf2e7be2e162c6513ced06f1dd0da35296,0x3a3bd7bb9528e159577f7c2e685cc81a765002e2,0x0000000000000000000000000000000000000000000000000000000000000000,0xd65c4072e48a82a9cd49e8e6be332792fb13e8e076134d860d110427fc01d374,"[1, 2]",100000000
74999728,0xdbd07e9aff9647600f29a84922cce3d6e5b0a6fd67992573e5458bb789287050,560,0xd91e80cf2e7be2e162c6513ced06f1dd0da35296,0x3a3bd7bb9528e159577f7c2e685cc81a765002e2,0x0000000000000000000000000000000000000000000000000000000000000000,0xaf2193cd6b091db90642fb9b9fd7f3c4a1c280373357081ec68c9841e864b207,"[1, 2]",4710140000
74999731,0x7fcdfce7f2ac74e12a18745bdc598ddaf968b72e74977a809f975f87eb9331d7,398,0xd91e80cf2e7be2e162c6513ced06f1dd0da35296,0x3a3bd7bb9528e159577f7c2e685cc81a765002e2,0x0000000000000000000000000000000000000000000000000000000000000000,0xb7f8a72c3bdf794a7439e78a7e163a754da77a079be5c4f87148562b3b71437f,"[1, 2]",10000000
74999737,0xe70e51d4c6bb664f3031bc96ee6ab0278bf465f3efa762454f4b6b095b90e7e6,252,0xc6555ecddf82b8a08521fb56af6f6a9fc3388467,0x2791bca1f2de4661ed88a30c99a7a9449aa84174,0x0000000000000000000000000000000000000000000000000000000000000000,0x2cb88599dddf2419dfc740391964e8df3e77b22a59e914b3856cb6a1a4b6514e,"[1, 2]",111000000
74999740,0x2bc9e1b6a1f852b48b16f05d5a9e1f16da6f445cd4dc312b3347f5d8bf71307a,280,0xd91e80cf2e7be2e162c6513ced06f1dd0da35296,0x3a3bd7bb9528e159577f7c2e685cc81a765002e2,0x0000000000000000000000000000000000000000000000000000000000000000,0xdd40f7c56a97b0fbe5e6a1224faf7b2cffd6698f8ec4c714addb1abae0ccecea,"[1, 2]",1720000
74999743,0x71b4b2c50f436d805f848395058dbce4aeeb7cc85ab76417d54fd99e2f675fb6,311,0xd91e80cf2e7be2e162c6513ced06f1dd0da35296,0x3a3bd7bb9528e159577f7c2e685cc81a765002e2,0x0000000000000000000000000000000000000000000000000000000000000000,0x18b1c135d0a40c5894da9412e77311827d9caf16cf4cd6591b247a34730af919,"[1, 2]",396092000000
74999744,0x4e1a0108742341b02086edcaff1bc0a02e32b13f1d842473462bddd69c225df9,695,0x3d2d66eb933cfa7aa7b9fc21e6614f080de99360,0x2791bca1f2de4661ed88a30c99a7a9449aa84174,0x0000000000000000000000000000000000000000000000000000000000000000,0xe5b137364cc10261f1f55192982ae06abb500fa74a1c123bcd3520d7e26f428a,"[1, 2]",120000000
74999744,0xfca9285f9c44a72a996dc3434bed080282c96bbd8a330016c972285a8d5a3a05,703,0x4bfb41d5b3570defd03c39a9a4d8de6bd8b8982e,0x2791bca1f2de4661ed88a30c99a7a9449aa84174,0x0000000000000000000000000000000000000000000000000000000000000000,0x5374a734024814a7e91a50b025cf0924bcf99756f40384beb260ede9322ca28f,"[1, 2]",21630000
74999744,0x02a0f99245bdbc2424b718156bfb80d43c9a87b2d2ca0511cbf2ce275426959a,745,0xd91e80cf2e7be2e162c6513ced06f1dd0da35296,0x3a3bd7bb9528e159577f7c2e685cc81a765002e2,0x0000000000000000000000000000000000000000000000000000000000000000,0xaf2193cd6b091db90642fb9b9fd7f3c4a1c280373357081ec68c9841e864b207,"[1, 2]",56000000
74999756,0x087d0c796f5f331bb72027637849330dd98c0dd2ca50b372c75bb3552885f2f4,372,0x4bfb41d5b3570defd03c39a9a4d8de6bd8b8982e,0x2791bca1f2de4661ed88a30c99a7a9449aa84174,0x0000000000000000000000000000000000000000000000000000000000000000,0x0e814fbd5c7e8862242b5086cc85086e2d02beb668da1007f2fbdf8619cbd204,"[1, 2]",10000000
74999765,0x470b2f304ca75ac2743a9f8055fdfc72ede1fa3ac739cf1abed74bc602900fab,387,0x3d2d66eb933cfa7aa7b9fc21e6614f080de99360,0x2791bca1f2de4661ed88a30c99a7a9449aa84174,0x0000000000000000000000000000000000000000000000000000000000000000,0xe5b137364cc10261f1f55192982ae06abb500fa74a1c123bcd3520d7e26f428a,"[2, 1]",111379653
74999765,0x89728895e91fc523cf27c1b386e078eed290012c1d53d2ba105fc04243eeef59,416,0xd91e80cf2e7be2e162c6513ced06f1dd0da35296,0x3a3bd7bb9528e159577f7c2e685cc81a765002e2,0x0000000000000000000000000000000000000000000000000000000000000000,0x22e7b5e35423e76842dd3a5e1a21d13793811080d5e7b2896d0c001bd5e97d54,"[1, 2]",14400000
74999771,0xfd6776807483568de7b5fdb2f66d98cd6cebc4fc06bfc3e93ecfe8d29d006f79,1050,0xd91e80cf2e7be2e162c6513ced06f1dd0da35296,0x3a3bd7bb9528e159577f7c2e685cc81a765002e2,0x0000000000000000000000000000000000000000000000000000000000000000,0xaf2193cd6b091db90642fb9b9fd7f3c4a1c280373357081ec68c9841e864b207,"[1, 2]",434780000
74999774,0x2948751cf5f2319ff07206d3c2a3dc6a351e8026bf0ce1f0390fe1c37f6edec3,355,0x3d2d66eb933cfa7aa7b9fc21e6614f080de99360,0x2791bca1f2de4661ed88a30c99a7a9449aa84174,0x0000000000000000000000000000000000000000000000000000000000000000,0xc85a2d8c8088c2692570252167d16a5c0e5427b648f34592b927aa4da23c46a1,"[1, 2]",28000000
74999774,0x152d6a75e8a3df864564c5a481b7bee15961ea0c76b6e68828211839f9fc60e2,363,0x4bfb41d5b3570defd03c39a9a4d8de6bd8b8982e,0x2791bca1f2de4661ed88a30c99a7a9449aa84174,0x0000000000000000000000000000000000000000000000000000000000000000,0x51179a929cf3bb4e4f09bb9d1387e90f7c7f91d101ea977d82d75ce15fb33cf7,"[1, 2]",9320000
74999779,0x228f4b88a6fd5887b006f169d51fe46a87e86f338ba14b979fede808e45ea698,657,0x4bfb41d5b3570defd03c39a9a4d8de6bd8b8982e,0x2791bca1f2de4661ed88a30c99a7a9449aa84174,0x0000000000000000000000000000000000000000000000000000000000000000,0x9b384b7a56c41e7181d207e3a46e54dd1d1805200e976abfb8f621fd3dfd37c5,"[1, 2]",20000000
74999788,0x7117c3efe3012a14d595dcac0481ef7e13aa5cdd94c2f3d8e61101b87b76b3af,823,0x3d2d66eb933cfa7aa7b9fc21e6614f080de99360,0x2791bca1f2de4661ed88a30c99a7a9449aa84174,0x0000000000000000000000000000000000000000000000000000000000000000,0xc85a2d8c8088c2692570252167d16a5c0e5427b648f34592b927aa4da23c46a1,"[1, 2]",147750000
74999791,0x7e3e0ba147adc7cb6c947c4115bbd652e8e3407d29ff023818261b9a81c0c172,316,0x4bfb41d5b3570defd03c39a9a4d8de6bd8b8982e,0x2791bca1f2de4661ed88a30c99a7a9449aa84174,0x0000000000000000000000000000000000000000000000000000000000000000,0xd8676acfb0d05bf68920c689112b5b17fd68ab6adef079b51cce373607ab54e7,"[1, 2]",186550000
74999796,0x5569e9203a1c36c5bf739c53ce78186f029b4f677d13e7aa69cb0d09930c1480,903,0x3d2d66eb933cfa7aa7b9fc21e6614f080de99360,0x2791bca1f2de4661ed88a30c99a7a9449aa84174,0x0000000000000000000000000000000000000000000000000000000000000000,0xc85a2d8c8088c2692570252167d16a5c0e5427b648f34592b927aa4da23c46a1,"[1, 2]",100000
74999798,0x914de2aa4e467e2a79621d165b48901ec23443426ba273ed150908a73299d825,253,0xd91e80cf2e7be2e162c6513ced06f1dd0da35296,0x3a3bd7bb9528e159577f7c2e685cc81a765002e2,0x0000000000000000000000000000000000000000000000000000000000000000,0x93be783365e4eb163fb43fd9c2c236edd345fbdca33e7ee403e91377c202d914,"[1, 2]",91000000
74999808,0xfbfde62b6049d5c47061080e16cb54bd4fdce74220b4b7d1f77103a05a2cac96,1130,0x4bfb41d5b3570defd03c39a9a4d8de6bd8b8982e,0x2791bca1f2de4661ed88a30c99a7a9449aa84174,0x0000000000000000000000000000000000000000000000000000000000000000,0x531d2bd02594877bbb6503e69ad13cd83c56a158941a858ba479ec19c718de27,"[1, 2]",21050000
74999816,0xa0e220a17b01ed6c7952dd8c501dd0a63876f7e68d679998a3f041560dc8b906,394,0x3d2d66eb933cfa7aa7b9fc21e6614f080de99360,0x2791bca1f2de4661ed88a30c99a7a9449aa84174,0x0000000000000000000000000000000000000000000000000000000000000000,0xc85a2d8c8088c2692570252167d16a5c0e5427b648f34592b927aa4da23c46a1,"[2, 1]",22306701
74999821,0x7b8f3cad149b6a216db43618b1a57a3bf5c3da341d79c47240e4d15c31c83063,973,0x9d84ce0306f8551e02efef1680475fc0f1dc1344,0x2791bca1f2de4661ed88a30c99a7a9449aa84174,0x0000000000000000000000000000000000000000000000000000000000000000,0x41eda073eeca4071d3a643a527bf8549851ff16c7e4b924a007671cb11920f98,"[1, 2]",1198599447
74999821,0x7b8f3cad149b6a216db43618b1a57a3bf5c3da341d79c47240e4d15c31c83063,976,0x9d84ce0306f8551e02efef1680475fc0f1dc1344,0x2791bca1f2de4661ed88a30c99a7a9449aa84174,0x0000000000000000000000000000000000000000000000000000000000000000,0x11a367fea8169759c13b9dbf4547e6fb8aaecfd22f87674870f5940e86c90bdb,"[1, 2]",533770000
74999821,0x7b8f3cad149b6a216db43618b1a57a3bf5c3da341d79c47240e4d15c31c83063,979,0x9d84ce0306f8551e02efef1680475fc0f1dc1344,0x2791bca1f2de4661ed88a30c99a7a9449aa84174,0x0000000000000000000000000000000000000000000000000000000000000000,0x48c715b695536243a128b653e59f8214262a454811a570c4b019226291c0fa69,"[1, 2]",255000000
74999821,0x7b8f3cad149b6a216db43618b1a57a3bf5c3da341d79c47240e4d15c31c83063,982,0x9d84ce0306f8551e02efef1680475fc0f1dc1344,0x2791bca1f2de4661ed88a30c99a7a9449aa84174,0x0000000000000000000000000000000000000000000000000000000000000000,0xd8abd2e16448e67a54cdef29c16d7b45d2153c47dda6c0dcb18a955160129b9c,"[1, 2]",86190953
74999821,0x7b8f3cad149b6a216db43618b1a57a3bf5c3da341d79c47240e4d15c31c83063,985,0x9d84ce0306f8551e02efef1680475fc0f1dc1344,0x2791bca1f2de4661ed88a30c99a7a9449aa84174,0x0000000000000000000000000000000000000000000000000000000000000000,0x3c56b8d7b69bee2c0d9ec5d8a93f632a6f27d147844c8dfa726704e1fbd08d79,"[1, 2]",69996550
74999821,0x7b8f3cad149b6a216db43618b1a57a3bf5c3da341d79c47240e4d15c31c83063,988,0x9d84ce0306f8551e02efef1680475fc0f1dc1344,0x2791bca1f2de4661ed88a30c99a7a9449aa84174,0x0000000000000000000000000000000000000000000000000000000000000000,0x7bf887114841c6741ccadbf4b16b84f3e65ccb4ce9200dcbb27623180e3c20e4,"[1, 2]",19000000
74999830,0xb6a71e30abbc4b39a24b08209d1f9ebdd9c4166058147877f791875ecdc9ebfc,1002,0x4bfb41d5b3570defd03c39a9a4d8de6bd8b8982e,0x2791bca1f2de4661ed88a30c99a7a9449aa84174,0x0000000000000000000000000000000000000000000000000000000000000000,0x51179a929cf3bb4e4f09bb9d1387e90f7c7f91d101ea977d82d75ce15fb33cf7,"[1, 2]",50000000
74999830,0xa0416d946dc28f77d9762d531c2531ffd3eb090e06dd3bc1ddd0919ab8c266b6,1011,0xfcbccda5f40eb39d00c453c867bc3703ef4ae6cb,0x2791bca1f2de4661ed88a30c99a7a9449aa84174,0x0000000000000000000000000000000000000000000000000000000000000000,0x16b1b76a6a10722ed170d4f763aa604f8107ba1bcab89d2da2f55ad1e8c02c54,"[1, 2]",30000000
74999836,0xf78a6623d8b1c90be44326f7093654e3ab3d450be82c9be4f86b67122fe55a7c,918,0x4bfb41d5b3570defd03c39a9a4d8de6bd8b8982e,0x2791bca1f2de4661ed88a30c99a7a9449aa84174,0x0000000000000000000000000000000000000000000000000000000000000000,0x11a367fea8169759c13b9dbf4547e6fb8aaecfd22f87674870f5940e86c90bdb,"[1, 2]",52630000
74999837,0x08bd6de20c89b9fc0bce7de44bb5a9f889ab6c46571fe2265da1df68f8ad640d,723,0x3d2d66eb933cfa7aa7b9fc21e6614f080de99360,0x2791bca1f2de4661ed88a30c99a7a9449aa84174,0x0000000000000000000000000000000000000000000000000000000000000000,0xc85a2d8c8088c2692570252167d16a5c0e5427b648f34592b927aa4da23c46a1,"[2, 1]",8695651
74999841,0x3a164b8201cf0794a90289c5e47b88581e81fccabb5d5af441faaf88d46878ae,429,0xc6555ecddf82b8a08521fb56af6f6a9fc3388467,0x2791bca1f2de4661ed88a30c99a7a9449aa84174,0x0000000000000000000000000000000000000000000000000000000000000000,0x3fb1c6c6722ff73b9c355d642ad3c59c72ce394fc974e0e597d3a2210ecf53da,"[1, 2]",111000000
74999852,0x14dbdf529f0feef303e573721a457c5378119073ee1500cfa93c1d7d057aa4c2,1103,0x4bfb41d5b3570defd03c39a9a4d8de6bd8b8982e,0x2791bca1f2de4661ed88a30c99a7a9449aa84174,0x0000000000000000000000000000000000000000000000000000000000000000,0xcb0846212b21609321540da8c4a84c4e33b08997a4dfda478325b87e68c5def5,"[1, 2]",64000000
74999852,0x14dbdf529f0feef303e573721a457c5378119073ee1500cfa93c1d7d057aa4c2,1109,0x4bfb41d5b3570defd03c39a9a4d8de6bd8b8982e,0x2791bca1f2de4661ed88a30c99a7a9449aa84174,0x0000000000000000000000000000000000000000000000000000000000000000,0xcb0846212b21609321540da8c4a84c4e33b08997a4dfda478325b87e68c5def5,"[1, 2]",100000000
74999853,0x94f9be975bb0316cbc3d89194386ae138c789a4eafeb1649442d00d702d4e48f,289,0x4bfb41d5b3570defd03c39a9a4d8de6bd8b8982e,0x2791bca1f2de4661ed88a30c99a7a9449aa84174,0x0000000000000000000000000000000000000000000000000000000000000000,0xcb0846212b21609321540da8c4a84c4e33b08997a4dfda478325b87e68c5def5,"[1, 2]",9860000
74999853,0xd9adff60c66ea70f9d07ca7525ef543506e5b57be162b8828cf1ef24e33a32ab,300,0x4bfb41d5b3570defd03c39a9a4d8de6bd8b8982e,0x2791bca1f2de4661ed88a30c99a7a9449aa84174,0x0000000000000000000000000000000000000000000000000000000000000000,0x00238c225bad4150e274659158e5cb006c315a750a60ba3248110984e7200992,"[1, 2]",327050000
74999854,0x9113e517764c58d485936d349a56d584c9bd3f4f8a64e03b1449f3ba0f8c81d7,864,0x3d2d66eb933cfa7aa7b9fc21e6614f080de99360,0x2791bca1f2de4661ed88a30c99a7a9449aa84174,0x0000000000000000000000000000000000000000000000000000000000000000,0x16b1b76a6a10722ed170d4f763aa604f8107ba1bcab89d2da2f55ad1e8c02c54,"[2, 1]",55555553
74999863,0x14982201a8f4ce8e44ce418e771985a65be61d27e737257a967b1ec68b67ecab,300,0x3d2d66eb933cfa7aa7b9fc21e6614f080de99360,0x2791bca1f2de4661ed88a30c99a7a9449aa84174,0x0000000000000000000000000000000000000000000000000000000000000000,0xe5b137364cc10261f1f55192982ae06abb500fa74a1c123bcd3520d7e26f428a,"[2, 1]",8333332
74999879,0x500edcfbeae95a1a0746ece8058f4720927754bc143f3f75ea4ef25ee7db834b,782,0x3d2d66eb933cfa7aa7b9fc21e6614f080de99360,0x2791bca1f2de4661ed88a30c99a7a9449aa84174,0x0000000000000000000000000000000000000000000000000000000000000000,0xc85a2d8c8088c2692570252167d16a5c0e5427b648f34592b927aa4da23c46a1,"[2, 1]",14285713
74999881,0xc24f3300e10ef60e5e17e73389ca6879a52d4e55ff8935098456392dbc6bbe89,779,0x4bfb41d5b3570defd03c39a9a4d8de6bd8b8982e,0x2791bca1f2de4661ed88a30c99a7a9449aa84174,0x0000000000000000000000000000000000000000000000000000000000000000,0x6789076769d378b0fbf43e3f8b3efbf7330299f5e21948a855464ee36d57aeeb,"[1, 2]",17570000
74999885,0x8789ac3ba9668d211d4d56e070baf850831e021c1b188c8737906934d9f7f415,13,0xd91e80cf2e7be2e162c6513ced06f1dd0da35296,0x3a3bd7bb9528e159577f7c2e685cc81a765002e2,0x0000000000000000000000000000000000000000000000000000000000000000,0xdd40f7c56a97b0fbe5e6a1224faf7b2cffd6698f8ec4c714addb1abae0ccecea,"[1, 2]",44009168
74999896,0x07049f5dcf29014e7ea054004adfc44ccd670ac4b6d13b56eaf3f919a1560542,286,0x4bfb41d5b3570defd03c39a9a4d8de6bd8b8982e,0x2791bca1f2de4661ed88a30c99a7a9449aa84174,0x0000000000000000000000000000000000000000000000000000000000000000,0x225899ce24e91244bd96b1f984481d9c3a7522b98fa24e8aa3838f3a12a453b3,"[1, 2]",20010000
74999898,0xa6d04deff43cb74e4f8afe8f08be5d36817aaebbf3f747e3079f4609a952a531,250,0x3d2d66eb933cfa7aa7b9fc21e6614f080de99360,0x2791bca1f2de4661ed88a30c99a7a9449aa84174,0x0000000000000000000000000000000000000000000000000000000000000000,0xc85a2d8c8088c2692570252167d16a5c0e5427b648f34592b927aa4da23c46a1,"[1, 2]",23361935
74999902,0x6ab7054e5d4a4511a6db6d21e8cd91a020a52c3541c3cd9af4eafdda9fa4c24a,335,0xd91e80cf2e7be2e162c6513ced06f1dd0da35296,0x3a3bd7bb9528e159577f7c2e685cc81a765002e2,0x0000000000000000000000000000000000000000000000000000000000000000,0xca1d1139b0c3a29983407f499476ae642482788e841a277eb86faeeb9fa4a85c,"[1, 2]",57000000
74999905,0x96a02750c61d76ce29099ff256a3515cae158649767a9d81cd7a1e47d317561b,299,0x3d2d66eb933cfa7aa7b9fc21e6614f080de99360,0x2791bca1f2de4661ed88a30c99a7a9449aa84174,0x0000000000000000000000000000000000000000000000000000000000000000,0x16b1b76a6a10722ed170d4f763aa604f8107ba1bcab89d2da2f55ad1e8c02c54,"[2, 1]",573000000
74999933,0xe29eaf96515c142e67fcbf53ce37253c280e69f7d8c388e4e625f52871189978,16,0x21ffd2b7a212a6f277ed3eca1a9f8efcbca90d71,0x2791bca1f2de4661ed88a30c99a7a9449aa84174,0x0000000000000000000000000000000000000000000000000000000000000000,0x11a367fea8169759c13b9dbf4547e6fb8aaecfd22f87674870f5940e86c90bdb,"[1, 2]",38000000
74999934,0xce10f598def932f9429b8afeea2cb135c5ea337a5dad42675f953d17142cc407,242,0x4bfb41d5b3570defd03c39a9a4d8de6bd8b8982e,0x2791bca1f2de4661ed88a30c99a7a9449aa84174,0x0000000000000000000000000000000000000000000000000000000000000000,0x591f785022238c7ea2563553d93c024e451a18ea74d9bbd79a6126c0267c588a,"[1, 2]",502490000
74999934,0xce10f598def932f9429b8afeea2cb135c5ea337a5dad42675f953d17142cc407,252,0x4bfb41d5b3570defd03c39a9a4d8de6bd8b8982e,0x2791bca1f2de4661ed88a30c99a7a9449aa84174,0x0000000000000000000000000000000000000000000000000000000000000000,0x591f785022238c7ea2563553d93c024e451a18ea74d9bbd79a6126c0267c588a,"[1, 2]",183800000
74999935,0xb562895595705b8080b7e20ba5915997811b0c2b512bacad440542bee607b625,1168,0x3d2d66eb933cfa7aa7b9fc21e6614f080de99360,0x2791bca1f2de4661ed88a30c99a7a9449aa84174,0x0000000000000000000000000000000000000000000000000000000000000000,0x16b1b76a6a10722ed170d4f763aa604f8107ba1bcab89d2da2f55ad1e8c02c54,"[2, 1]",47760000
74999936,0x4295add839cf124b630353f8a65380d230ebc6b52cd1a0de3845f2f6f995c34b,1184,0x4bfb41d5b3570defd03c39a9a4d8de6bd8b8982e,0x2791bca1f2de4661ed88a30c99a7a9449aa84174,0x0000000000000000000000000000000000000000000000000000000000000000,0xec06a48ccce377c2dba3e85c7040005e6f5d9bb1e86e5e60f3587214210c56c6,"[1, 2]",10000000
74999941,0x171f8b5c04dbb1f8047978e4649ac33bf269cbdbc85a4faf90296d559f5d2724,215,0xd91e80cf2e7be2e162c6513ced06f1dd0da35296,0x3a3bd7bb9528e159577f7c2e685cc81a765002e2,0x0000000000000000000000000000000000000000000000000000000000000000,0x0bfd30241a98afd4fcd17e110948fbcb30775094d785dc1dd49251e0a0d2b6ec,"[1, 2]",2970000
74999951,0x9972b4da7d2b8f3c647dc071ff56a5799876fb7f8f9cc69a2bd1fcbc7687307c,1667,0x4bfb41d5b3570defd03c39a9a4d8de6bd8b8982e,0x2791bca1f2de4661ed88a30c99a7a9449aa84174,0x0000000000000000000000000000000000000000000000000000000000000000,0x9e2ada45732ff2ce8685b32088285bac5b5490d11485d4067fde789cb5144b29,"[1, 2]",220000000
74999974,0x53761d9e5a2a42c930f7b677d77e3040b9893940ed65bf2dcea4ecb74838a658,930,0x730a0ececde4c8fe58554a6998e8bde5db7951a0,0x2791bca1f2de4661ed88a30c99a7a9449aa84174,0x0000000000000000000000000000000000000000000000000000000000000000,0x10d3c9a27547c178d60e602895ea2530caeaeda63883fa947f1fda8fed23e99b,"[1, 2]",300000000
74999975,0xcf1b881a546b633f3fa131b898616ba16ef92ca55d1a3d075c8409644c945b7d,342,0xd91e80cf2e7be2e162c6513ced06f1dd0da35296,0x3a3bd7bb9528e159577f7c2e685cc81a765002e2,0x0000000000000000000000000000000000000000000000000000000000000000,0xf3d53d39901485deb32fe836e9777e67317ff4de11ce2a43bac2c2b58dc29b6c,"[1, 2]",3640000
74999976,0x903aee585c5635fb6809041cc6e91fca82935e41af7a68797a4943a5d46a59bd,1015,0xd91e80cf2e7be2e162c6513ced06f1dd0da35296,0x3a3bd7bb9528e159577f7c2e685cc81a765002e2,0x0000000000000000000000000000000000000000000000000000000000000000,0x1bd7da79df4bb2d9c054c47d5cc99d640815e3d2ddd2c0d26865a374421d8ddf,"[1, 2]",238973592
74999979,0x48ca78ade35c76573786431e7d14becf688cb36f10fc58571e601d333987fcdc,281,0x3d2d66eb933cfa7aa7b9fc21e6614f080de99360,0x2791bca1f2de4661ed88a30c99a7a9449aa84174,0x0000000000000000000000000000000000000000000000000000000000000000,0x84f5094174a9c71b8d2468de5f167026269fe3d28dd634e441eaf67bf525fb7f,"[2, 1]",200000000
74999979,0x287ab2acdb7b5bcb46f2f0e2b3164630b72221568dca6a7b7cef83b8c6d85936,326,0xa9650fe4301f45e7f090ada7252f9c1268183565,0x2791bca1f2de4661ed88a30c99a7a9449aa84174,0x0000000000000000000000000000000000000000000000000000000000000000,0x97fa80196ac9adb239723493b394da33a3df73a30814bf6e3b9a8fe785341a5d,"[1, 2]",305055011
74999979,0x287ab2acdb7b5bcb46f2f0e2b3164630b72221568dca6a7b7cef83b8c6d85936,329,0xa9650fe4301f45e7f090ada7252f9c1268183565,0x2791bca1f2de4661ed88a30c99a7a9449aa84174,0x0000000000000000000000000000000000000000000000000000000000000000,0xb55fa9808f19d45611602855d5f2284355a82df5de76b0392059370424d6bca9,"[1, 2]",135851433
74999979,0x287ab2acdb7b5bcb46f2f0e2b3164630b72221568dca6a7b7cef83b8c6d85936,332,0xa9650fe4301f45e7f090ada7252f9c1268183565,0x2791bca1f2de4661ed88a30c99a7a9449aa84174,0x0000000000000000000000000000000000000000000000000000000000000000,0x687a560d75e106303717a92786946084419ecba08e442ec8e6af07e949e6a5af,"[1, 2]",116620000
74999979,0x287ab2acdb7b5bcb46f2f0e2b3164630b72221568dca6a7b7cef83b8c6d85936,335,0xa9650fe4301f45e7f090ada7252f9c1268183565,0x2791bca1f2de4661ed88a30c99a7a9449aa84174,0x0000000000000000000000000000000000000000000000000000000000000000,0x762a68aea762d8b0b3b4bf82a86b920cca68988c3841f25c4ec198870a1337f4,"[1, 2]",70000000
74999984,0x106cd8270aae00658e44ac7ed3c42b3d4b3fb2f6e555c68fe84b848e5fb2eba4,1143,0xc684828f6b03487759ced2ebdd975f91f3532228,0x2791bca1f2de4661ed88a30c99a7a9449aa84174,0x0000000000000000000000000000000000000000000000000000000000000000,0xb80de907dbcdfc4efe8219c3f9544f02f4267556982a1013b641bf348aff21d4,"[1, 2]",135000000
74999984,0x106cd8270aae00658e44ac7ed3c42b3d4b3fb2f6e555c68fe84b848e5fb2eba4,1147,0xd91e80cf2e7be2e162c6513ced06f1dd0da35296,0x3a3bd7bb9528e159577f7c2e685cc81a765002e2,0x0000000000000000000000000000000000000000000000000000000000000000,0xb49386feb88534d954e4482c5c938411a65ea0547bf943a4ef6f33fb887c66f0,"[1, 2]",87230000
74999987,0x522f570a4155192d1be74effcba5f03c4b4e8ffc6e36396160ff8b6ca2216765,454,0x730a0ececde4c8fe58554a6998e8bde5db7951a0,0x2791bca1f2de4661ed88a30c99a7a9449aa84174,0x0000000000000000000000000000000000000000000000000000000000000000,0x377567785c949645ef3ec315c927c7bca8fdf396b8d22479e28c45ab847f40c8,"[1, 2]",143933967
74999990,0x162874613cfd67647f435f427a7881a4e9cfcd1862b8791a0d0b3377a015f8de,341,0xd91e80cf2e7be2e162c6513ced06f1dd0da35296,0x3a3bd7bb9528e159577f7c2e685cc81a765002e2,0x0000000000000000000000000000000000000000000000000000000000000000,0xebddfcf7b4401dade8b4031770a1ab942b01854f3bed453d5df9425cd9f211a9,"[1, 2]",65000000
74999994,0x2703be76d60683b4396f43252eef9f1132b15d46735d4796020dcef981f82545,266,0xd91e80cf2e7be2e162c6513ced06f1dd0da35296,0x3a3bd7bb9528e159577f7c2e685cc81a765002e2,0x0000000000000000000000000000000000000000000000000000000000000000,0x21d5b50fd0bc5013be79a7cdb4b3f0917127071cf27a324804c030f6eb06f5b4,"[1, 2]",13976743
