block_number,tx_hash,log_index,marketId,questionId,questionIndex,data
74991791,0x4572af89a695f67839ba6962694e08e52fbd144fb07dce4498734f6ce9dc6163,16,0xbe49a72bdcd224b5bdbab67bafb06c5f8e6f985c3a4da1169d7b51be53c29800,0xbe49a72bdcd224b5bdbab67bafb06c5f8e6f985c3a4da1169d7b51be53c29800,0,0x000000000000000000000000000000000000000000000000000000000000004000000000000000000000000000000000000000000000000000000000000002ef7175657374696f6e3a2057696c6c20746865207072696365206f6620426974636f696e206265206c657373207468616e20243131364b206f6e204175677573742031302061742035504d2045543f2c206465736372697074696f6e3a2054686973206d61726b65742077696c6c207265736f6c7665206163636f7264696e6720746f207468652066696e616c2022436c6f736522207072696365206f66207468652042696e616e63652031206d696e7574652063616e646c6520666f72204254432f55534454206f6e207468652074696d6520616e6420646174652073706563696669656420696e20746865207469746c652e204f74686572776973652c2074686973206d61726b65742077696c6c207265736f6c766520746f20224e6f222e0a0a546865207265736f6c7574696f6e20736f7572636520666f722074686973206d61726b65742069732042696e616e63652c207370656369666963616c6c7920746865204254432f555344542022436c6f736522207072696365732063757272656e746c7920617661696c61626c652061742068747470733a2f2f7777772e62696e616e63652e636f6d2f656e2f74726164652f4254435f5553445420776974682022316d2220616e64202243616e646c6573222073656c6563746564206f6e2074686520746f70206261722e0a0a496620746865207265706f727465642076616c75652066616c6c732065786163746c79206265747765656e2074776f20627261636b6574732c207468656e2074686973206d61726b65742077696c6c207265736f6c766520746f20746865206869676865722072616e676520627261636b65742e0a0a506c65617365206e6f746520746861742074686973206d61726b65742069732061626f757420746865207072696365206163636f7264696e6720746f2042696e616e6365204254432f555344542c206e6f74206163636f7264696e6720746f206f7468657220736f7572636573206f722073706f74206d61726b6574732c2069643a203537343635310000000000000000000000000000000000
74991796,0x781fc2a1693deaec525bcfaa371b13b796920f86b38a0dffa2a40299937ad03d,33,0xbe49a72bdcd224b5bdbab67bafb06c5f8e6f985c3a4da1169d7b51be53c29800,0xbe49a72bdcd224b5bdbab67bafb06c5f8e6f985c3a4da1169d7b51be53c29801,1,0x000000000000000000000000000000000000000000000000000000000000004000000000000000000000000000000000000000000000000000000000000002f77175657374696f6e3a2057696c6c20746865207072696365206f6620426974636f696e206265206265747765656e20243131364b20616e6420243131374b206f6e204175677573742031302061742035504d2045543f2c206465736372697074696f6e3a2054686973206d61726b65742077696c6c207265736f6c7665206163636f7264696e6720746f207468652066696e616c2022436c6f736522207072696365206f66207468652042696e616e63652031206d696e7574652063616e646c6520666f72204254432f55534454206f6e207468652074696d6520616e6420646174652073706563696669656420696e20746865207469746c652e204f74686572776973652c2074686973206d61726b65742077696c6c207265736f6c766520746f20224e6f222e0a0a546865207265736f6c7574696f6e20736f7572636520666f722074686973206d61726b65742069732042696e616e63652c207370656369666963616c6c7920746865204254432f555344542022436c6f736522207072696365732063757272656e746c7920617661696c61626c652061742068747470733a2f2f7777772e62696e616e63652e636f6d2f656e2f74726164652f4254435f5553445420776974682022316d2220616e64202243616e646c6573222073656c6563746564206f6e2074686520746f70206261722e0a0a496620746865207265706f727465642076616c75652066616c6c732065786163746c79206265747765656e2074776f20627261636b6574732c207468656e2074686973206d61726b65742077696c6c207265736f6c766520746f20746865206869676865722072616e676520627261636b65742e0a0a506c65617365206e6f746520746861742074686973206d61726b65742069732061626f757420746865207072696365206163636f7264696e6720746f2042696e616e6365204254432f555344542c206e6f74206163636f7264696e6720746f206f7468657220736f7572636573206f722073706f74206d61726b6574732c2069643a20353734363532000000000000000000
74991800,0xc48bfd435107e732fed4dc73b3fc563558faf46c4eb0ee7e81c2ecb44f155623,5,0xbe49a72bdcd224b5bdbab67bafb06c5f8e6f985c3a4da1169d7b51be53c29800,0xbe49a72bdcd224b5bdbab67bafb06c5f8e6f985c3a4da1169d7b51be53c29802,2,0x000000000000000000000000000000000000000000000000000000000000004000000000000000000000000000000000000000000000000000000000000002f77175657374696f6e3a2057696c6c20746865207072696365206f6620426974636f696e206265206265747765656e20243131374b20616e6420243131384b206f6e204175677573742031302061742035504d2045543f2c206465736372697074696f6e3a2054686973206d61726b65742077696c6c207265736f6c7665206163636f7264696e6720746f207468652066696e616c2022436c6f736522207072696365206f66207468652042696e616e63652031206d696e7574652063616e646c6520666f72204254432f55534454206f6e207468652074696d6520616e6420646174652073706563696669656420696e20746865207469746c652e204f74686572776973652c2074686973206d61726b65742077696c6c207265736f6c766520746f20224e6f222e0a0a546865207265736f6c7574696f6e20736f7572636520666f722074686973206d61726b65742069732042696e616e63652c207370656369666963616c6c7920746865204254432f555344542022436c6f736522207072696365732063757272656e746c7920617661696c61626c652061742068747470733a2f2f7777772e62696e616e63652e636f6d2f656e2f74726164652f4254435f5553445420776974682022316d2220616e64202243616e646c6573222073656c6563746564206f6e2074686520746f70206261722e0a0a496620746865207265706f727465642076616c75652066616c6c732065786163746c79206265747765656e2074776f20627261636b6574732c207468656e2074686973206d61726b65742077696c6c207265736f6c766520746f20746865206869676865722072616e676520627261636b65742e0a0a506c65617365206e6f746520746861742074686973206d61726b65742069732061626f757420746865207072696365206163636f7264696e6720746f2042696e616e6365204254432f555344542c206e6f74206163636f7264696e6720746f206f7468657220736f7572636573206f722073706f74206d61726b6574732c2069643a20353734363533000000000000000000
74991804,0x01263148aa7355b3195b1814d8f50d6af4f3045b4b5cf49ff311e1ae9406c77b,15,0xbe49a72bdcd224b5bdbab67bafb06c5f8e6f985c3a4da1169d7b51be53c29800,0xbe49a72bdcd224b5bdbab67bafb06c5f8e6f985c3a4da1169d7b51be53c29803,3,0x000000000000000000000000000000000000000000000000000000000000004000000000000000000000000000000000000000000000000000000000000002f77175657374696f6e3a2057696c6c20746865207072696365206f6620426974636f696e206265206265747765656e20243131384b20616e6420243131394b206f6e204175677573742031302061742035504d2045543f2c206465736372697074696f6e3a2054686973206d61726b65742077696c6c207265736f6c7665206163636f7264696e6720746f207468652066696e616c2022436c6f736522207072696365206f66207468652042696e616e63652031206d696e7574652063616e646c6520666f72204254432f55534454206f6e207468652074696d6520616e6420646174652073706563696669656420696e20746865207469746c652e204f74686572776973652c2074686973206d61726b65742077696c6c207265736f6c766520746f20224e6f222e0a0a546865207265736f6c7574696f6e20736f7572636520666f722074686973206d61726b65742069732042696e616e63652c207370656369666963616c6c7920746865204254432f555344542022436c6f736522207072696365732063757272656e746c7920617661696c61626c652061742068747470733a2f2f7777772e62696e616e63652e636f6d2f656e2f74726164652f4254435f5553445420776974682022316d2220616e64202243616e646c6573222073656c6563746564206f6e2074686520746f70206261722e0a0a496620746865207265706f727465642076616c75652066616c6c732065786163746c79206265747765656e2074776f20627261636b6574732c207468656e2074686973206d61726b65742077696c6c207265736f6c766520746f20746865206869676865722072616e676520627261636b65742e0a0a506c65617365206e6f746520746861742074686973206d61726b65742069732061626f757420746865207072696365206163636f7264696e6720746f2042696e616e6365204254432f555344542c206e6f74206163636f7264696e6720746f206f7468657220736f7572636573206f722073706f74206d61726b6574732c2069643a20353734363534000000000000000000
74991808,0x271597e4ac0cd5ddd964664a896144f13c2384fed04229dcd19c81635308ffc4,41,0xbe49a72bdcd224b5bdbab67bafb06c5f8e6f985c3a4da1169d7b51be53c29800,0xbe49a72bdcd224b5bdbab67bafb06c5f8e6f985c3a4da1169d7b51be53c29804,4,0x000000000000000000000000000000000000000000000000000000000000004000000000000000000000000000000000000000000000000000000000000002f27175657374696f6e3a2057696c6c20746865207072696365206f6620426974636f696e2062652067726561746572207468616e20243131394b206f6e204175677573742031302061742035504d2045543f2c206465736372697074696f6e3a2054686973206d61726b65742077696c6c207265736f6c7665206163636f7264696e6720746f207468652066696e616c2022436c6f736522207072696365206f66207468652042696e616e63652031206d696e7574652063616e646c6520666f72204254432f55534454206f6e207468652074696d6520616e6420646174652073706563696669656420696e20746865207469746c652e204f74686572776973652c2074686973206d61726b65742077696c6c207265736f6c766520746f20224e6f222e0a0a546865207265736f6c7574696f6e20736f7572636520666f722074686973206d61726b65742069732042696e616e63652c207370656369666963616c6c7920746865204254432f555344542022436c6f736522207072696365732063757272656e746c7920617661696c61626c652061742068747470733a2f2f7777772e62696e616e63652e636f6d2f656e2f74726164652f4254435f5553445420776974682022316d2220616e64202243616e646c6573222073656c6563746564206f6e2074686520746f70206261722e0a0a496620746865207265706f727465642076616c75652066616c6c732065786163746c79206265747765656e2074776f20627261636b6574732c207468656e2074686973206d61726b65742077696c6c207265736f6c766520746f20746865206869676865722072616e676520627261636b65742e0a0a506c65617365206e6f746520746861742074686973206d61726b65742069732061626f757420746865207072696365206163636f7264696e6720746f2042696e616e6365204254432f555344542c206e6f74206163636f7264696e6720746f206f7468657220736f7572636573206f722073706f74206d61726b6574732c2069643a203537343635350000000000000000000000000000
74991877,0x07bddfca9e5306b79203ac83f6530443533c4e6918c4dcf0afb88c02d5ddcc88,13,0x5d56f6eb654c23fb48e0bc80259a3c9b3d3326f92a3b6436443fa9c45cfbb600,0x5d56f6eb654c23fb48e0bc80259a3c9b3d3326f92a3b6436443fa9c45cfbb600,0,0x000000000000000000000000000000000000000000000000000000000000004000000000000000000000000000000000000000000000000000000000000002f17175657374696f6e3a2057696c6c20746865207072696365206f6620457468657265756d206265206c657373207468616e202434303030206f6e204175677573742031302061742035504d2045543f2c206465736372697074696f6e3a2054686973206d61726b65742077696c6c207265736f6c7665206163636f7264696e6720746f207468652066696e616c2022436c6f736522207072696365206f66207468652042696e616e63652031206d696e7574652063616e646c6520666f72204554482f55534454206f6e207468652074696d6520616e6420646174652073706563696669656420696e20746865207469746c652e204f74686572776973652c2074686973206d61726b65742077696c6c207265736f6c766520746f20224e6f222e0a0a546865207265736f6c7574696f6e20736f7572636520666f722074686973206d61726b65742069732042696e616e63652c207370656369666963616c6c7920746865204554482f555344542022436c6f736522207072696365732063757272656e746c7920617661696c61626c652061742068747470733a2f2f7777772e62696e616e63652e636f6d2f656e2f74726164652f4554485f5553445420776974682022316d2220616e64202243616e646c6573222073656c6563746564206f6e2074686520746f70206261722e0a0a496620746865207265706f727465642076616c75652066616c6c732065786163746c79206265747765656e2074776f20627261636b6574732c207468656e2074686973206d61726b65742077696c6c207265736f6c766520746f20746865206869676865722072616e676520627261636b65742e0a0a506c65617365206e6f746520746861742074686973206d61726b65742069732061626f757420746865207072696365206163636f7264696e6720746f2042696e616e6365204554482f555344542c206e6f74206163636f7264696e6720746f206f7468657220736f7572636573206f722073706f74206d61726b6574732e2c2069643a20353734363536000000000000000000000000000000
74991882,0x6adf0b9377095997b6942d40d8c69928170ce163d96c28b27b61f07ec692bc74,14,0x5d56f6eb654c23fb48e0bc80259a3c9b3d3326f92a3b6436443fa9c45cfbb600,0x5d56f6eb654c23fb48e0bc80259a3c9b3d3326f92a3b6436443fa9c45cfbb601,1,0x000000000000000000000000000000000000000000000000000000000000004000000000000000000000000000000000000000000000000000000000000002f97175657374696f6e3a2057696c6c20746865207072696365206f6620457468657265756d206265206265747765656e20243430303020616e64202434313030206f6e204175677573742031302061742035504d2045543f2c206465736372697074696f6e3a2054686973206d61726b65742077696c6c207265736f6c7665206163636f7264696e6720746f207468652066696e616c2022436c6f736522207072696365206f66207468652042696e616e63652031206d696e7574652063616e646c6520666f72204554482f55534454206f6e207468652074696d6520616e6420646174652073706563696669656420696e20746865207469746c652e204f74686572776973652c2074686973206d61726b65742077696c6c207265736f6c766520746f20224e6f222e0a0a546865207265736f6c7574696f6e20736f7572636520666f722074686973206d61726b65742069732042696e616e63652c207370656369666963616c6c7920746865204554482f555344542022436c6f736522207072696365732063757272656e746c7920617661696c61626c652061742068747470733a2f2f7777772e62696e616e63652e636f6d2f656e2f74726164652f4554485f5553445420776974682022316d2220616e64202243616e646c6573222073656c6563746564206f6e2074686520746f70206261722e0a0a496620746865207265706f727465642076616c75652066616c6c732065786163746c79206265747765656e2074776f20627261636b6574732c207468656e2074686973206d61726b65742077696c6c207265736f6c766520746f20746865206869676865722072616e676520627261636b65742e0a0a506c65617365206e6f746520746861742074686973206d61726b65742069732061626f757420746865207072696365206163636f7264696e6720746f2042696e616e6365204554482f555344542c206e6f74206163636f7264696e6720746f206f7468657220736f7572636573206f722073706f74206d61726b6574732e2c2069643a2035373436353700000000000000
74991887,0x75b5e259b9a96c5f6b92d60384d88a0d8fc7d4dfc77ca8758a0e6b16319ecf9f,16,0x5d56f6eb654c23fb48e0bc80259a3c9b3d3326f92a3b6436443fa9c45cfbb600,0x5d56f6eb654c23fb48e0bc80259a3c9b3d3326f92a3b6436443fa9c45cfbb602,2,0x000000000000000000000000000000000000000000000000000000000000004000000000000000000000000000000000000000000000000000000000000002f97175657374696f6e3a2057696c6c20746865207072696365206f6620457468657265756d206265206265747765656e20243431303020616e64202434323030206f6e204175677573742031302061742035504d2045543f2c206465736372697074696f6e3a2054686973206d61726b65742077696c6c207265736f6c7665206163636f7264696e6720746f207468652066696e616c2022436c6f736522207072696365206f66207468652042696e616e63652031206d696e7574652063616e646c6520666f72204554482f55534454206f6e207468652074696d6520616e6420646174652073706563696669656420696e20746865207469746c652e204f74686572776973652c2074686973206d61726b65742077696c6c207265736f6c766520746f20224e6f222e0a0a546865207265736f6c7574696f6e20736f7572636520666f722074686973206d61726b65742069732042696e616e63652c207370656369666963616c6c7920746865204554482f555344542022436c6f736522207072696365732063757272656e746c7920617661696c61626c652061742068747470733a2f2f7777772e62696e616e63652e636f6d2f656e2f74726164652f4554485f5553445420776974682022316d2220616e64202243616e646c6573222073656c6563746564206f6e2074686520746f70206261722e0a0a496620746865207265706f727465642076616c75652066616c6c732065786163746c79206265747765656e2074776f20627261636b6574732c207468656e2074686973206d61726b65742077696c6c207265736f6c766520746f20746865206869676865722072616e676520627261636b65742e0a0a506c65617365206e6f746520746861742074686973206d61726b65742069732061626f757420746865207072696365206163636f7264696e6720746f2042696e616e6365204554482f555344542c206e6f74206163636f7264696e6720746f206f7468657220736f7572636573206f722073706f74206d61726b6574732e2c2069643a2035373436353800000000000000
74991891,0x889d788159f18627f3489566cb0597394fcb5c90f255f26041cf9324dac8ea6c,16,0x5d56f6eb654c23fb48e0bc80259a3c9b3d3326f92a3b6436443fa9c45cfbb600,0x5d56f6eb654c23fb48e0bc80259a3c9b3d3326f92a3b6436443fa9c45cfbb603,3,0x000000000000000000000000000000000000000000000000000000000000004000000000000000000000000000000000000000000000000000000000000002f97175657374696f6e3a2057696c6c20746865207072696365206f6620457468657265756d206265206265747765656e20243432303020616e64202434333030206f6e204175677573742031302061742035504d2045543f2c206465736372697074696f6e3a2054686973206d61726b65742077696c6c207265736f6c7665206163636f7264696e6720746f207468652066696e616c2022436c6f736522207072696365206f66207468652042696e616e63652031206d696e7574652063616e646c6520666f72204554482f55534454206f6e207468652074696d6520616e6420646174652073706563696669656420696e20746865207469746c652e204f74686572776973652c2074686973206d61726b65742077696c6c207265736f6c766520746f20224e6f222e0a0a546865207265736f6c7574696f6e20736f7572636520666f722074686973206d61726b65742069732042696e616e63652c207370656369666963616c6c7920746865204554482f555344542022436c6f736522207072696365732063757272656e746c7920617661696c61626c652061742068747470733a2f2f7777772e62696e616e63652e636f6d2f656e2f74726164652f4554485f5553445420776974682022316d2220616e64202243616e646c6573222073656c6563746564206f6e2074686520746f70206261722e0a0a496620746865207265706f727465642076616c75652066616c6c732065786163746c79206265747765656e2074776f20627261636b6574732c207468656e2074686973206d61726b65742077696c6c207265736f6c766520746f20746865206869676865722072616e676520627261636b65742e0a0a506c65617365206e6f746520746861742074686973206d61726b65742069732061626f757420746865207072696365206163636f7264696e6720746f2042696e616e6365204554482f555344542c206e6f74206163636f7264696e6720746f206f7468657220736f7572636573206f722073706f74206d61726b6574732e2c2069643a2035373436353900000000000000
74991896,0x79fe35466738166301ffc31d12bab48f6d1aa523ccc2930bd3976d1ce188560f,6,0x5d56f6eb654c23fb48e0bc80259a3c9b3d3326f92a3b6436443fa9c45cfbb600,0x5d56f6eb654c23fb48e0bc80259a3c9b3d3326f92a3b6436443fa9c45cfbb604,4,0x000000000000000000000000000000000000000000000000000000000000004000000000000000000000000000000000000000000000000000000000000002f47175657374696f6e3a2057696c6c20746865207072696365206f6620457468657265756d2062652067726561746572207468616e202434333030206f6e204175677573742031302061742035504d2045543f2c206465736372697074696f6e3a2054686973206d61726b65742077696c6c207265736f6c7665206163636f7264696e6720746f207468652066696e616c2022436c6f736522207072696365206f66207468652042696e616e63652031206d696e7574652063616e646c6520666f72204554482f55534454206f6e207468652074696d6520616e6420646174652073706563696669656420696e20746865207469746c652e204f74686572776973652c2074686973206d61726b65742077696c6c207265736f6c766520746f20224e6f222e0a0a546865207265736f6c7574696f6e20736f7572636520666f722074686973206d61726b65742069732042696e616e63652c207370656369666963616c6c7920746865204554482f555344542022436c6f736522207072696365732063757272656e746c7920617661696c61626c652061742068747470733a2f2f7777772e62696e616e63652e636f6d2f656e2f74726164652f4554485f5553445420776974682022316d2220616e64202243616e646c6573222073656c6563746564206f6e2074686520746f70206261722e0a0a496620746865207265706f727465642076616c75652066616c6c732065786163746c79206265747765656e2074776f20627261636b6574732c207468656e2074686973206d61726b65742077696c6c207265736f6c766520746f20746865206869676865722072616e676520627261636b65742e0a0a506c65617365206e6f746520746861742074686973206d61726b65742069732061626f757420746865207072696365206163636f7264696e6720746f2042696e616e6365204554482f555344542c206e6f74206163636f7264696e6720746f206f7468657220736f7572636573206f722073706f74206d61726b6574732e2c2069643a20353734363630000000000000000000000000
